{
  "name" : "LFQA-Economics-Pilot",
  "slug" : null,
  "description" : "A long-form question answering project to annotate human and model generated answers to access aspects pertaining but not limited to factuality, helpfulness and completeness.",
  "mode" : "ANNOTATION",
  "version" : 1,
  "source_documents" : [ {
    "name" : "00a88a12-4989-4f22-9416-e20d871f529e.txt",
    "format" : "text",
    "state" : "ANNOTATION_IN_PROGRESS",
    "timestamp" : null,
    "created" : 1676704838000,
    "updated" : 1676704948000
  }, {
    "name" : "02bf9b3f-44ec-4065-9dd7-0dceb20576b7.txt",
    "format" : "text",
    "state" : "ANNOTATION_IN_PROGRESS",
    "timestamp" : null,
    "created" : 1676704839000,
    "updated" : 1676704956000
  }, {
    "name" : "0ae75826-200b-4db8-aec4-a9330ec5a116.txt",
    "format" : "text",
    "state" : "ANNOTATION_IN_PROGRESS",
    "timestamp" : null,
    "created" : 1676704838000,
    "updated" : 1676704958000
  }, {
    "name" : "0b44a548-5051-49bc-b406-a2441929f57b.txt",
    "format" : "text",
    "state" : "ANNOTATION_IN_PROGRESS",
    "timestamp" : null,
    "created" : 1676704838000,
    "updated" : 1676704962000
  }, {
    "name" : "1d86f5e7-84b1-4a6f-9aac-6996bb113b99.txt",
    "format" : "text",
    "state" : "ANNOTATION_IN_PROGRESS",
    "timestamp" : null,
    "created" : 1676704838000,
    "updated" : 1676704966000
  }, {
    "name" : "1e232679-68b7-4ef8-b570-4185698fda83.txt",
    "format" : "text",
    "state" : "ANNOTATION_IN_PROGRESS",
    "timestamp" : null,
    "created" : 1676704839000,
    "updated" : 1676704972000
  }, {
    "name" : "1f8e01d1-e3f5-48c2-8cf8-946f95a3aee3.txt",
    "format" : "text",
    "state" : "ANNOTATION_IN_PROGRESS",
    "timestamp" : null,
    "created" : 1676704839000,
    "updated" : 1676704973000
  }, {
    "name" : "2e6011cf-3661-44d6-b210-b6ef73654579.txt",
    "format" : "text",
    "state" : "ANNOTATION_IN_PROGRESS",
    "timestamp" : null,
    "created" : 1676704839000,
    "updated" : 1676704975000
  }, {
    "name" : "3b7f9db0-521d-4272-9cf3-93dda9291f2b.txt",
    "format" : "text",
    "state" : "ANNOTATION_IN_PROGRESS",
    "timestamp" : null,
    "created" : 1676704839000,
    "updated" : 1676704976000
  }, {
    "name" : "3de21997-0533-4d0a-9e57-d2fcbf824f36.txt",
    "format" : "text",
    "state" : "ANNOTATION_IN_PROGRESS",
    "timestamp" : null,
    "created" : 1676704839000,
    "updated" : 1676704978000
  }, {
    "name" : "completion.txt",
    "format" : "text",
    "state" : "ANNOTATION_IN_PROGRESS",
    "timestamp" : null,
    "created" : 1676706094000,
    "updated" : 1676706496000
  } ],
  "annotation_documents" : [ {
    "name" : "00a88a12-4989-4f22-9416-e20d871f529e.txt",
    "user" : "rachneet",
    "state" : "IN_PROGRESS",
    "timestamp" : 1676704948000,
    "annotatorState" : "IN_PROGRESS",
    "annotatorComment" : null,
    "sentence_accessed" : 0,
    "created" : 1676704948000,
    "updated" : 1676704948000
  }, {
    "name" : "02bf9b3f-44ec-4065-9dd7-0dceb20576b7.txt",
    "user" : "rachneet",
    "state" : "IN_PROGRESS",
    "timestamp" : 1676704956000,
    "annotatorState" : "IN_PROGRESS",
    "annotatorComment" : null,
    "sentence_accessed" : 0,
    "created" : 1676704956000,
    "updated" : 1676704956000
  }, {
    "name" : "0ae75826-200b-4db8-aec4-a9330ec5a116.txt",
    "user" : "rachneet",
    "state" : "IN_PROGRESS",
    "timestamp" : 1676704958000,
    "annotatorState" : "IN_PROGRESS",
    "annotatorComment" : null,
    "sentence_accessed" : 0,
    "created" : 1676704958000,
    "updated" : 1676704958000
  }, {
    "name" : "0b44a548-5051-49bc-b406-a2441929f57b.txt",
    "user" : "rachneet",
    "state" : "IN_PROGRESS",
    "timestamp" : 1676704962000,
    "annotatorState" : "IN_PROGRESS",
    "annotatorComment" : null,
    "sentence_accessed" : 0,
    "created" : 1676704962000,
    "updated" : 1676704962000
  }, {
    "name" : "1d86f5e7-84b1-4a6f-9aac-6996bb113b99.txt",
    "user" : "rachneet",
    "state" : "IN_PROGRESS",
    "timestamp" : 1676704966000,
    "annotatorState" : "IN_PROGRESS",
    "annotatorComment" : null,
    "sentence_accessed" : 0,
    "created" : 1676704966000,
    "updated" : 1676704966000
  }, {
    "name" : "1e232679-68b7-4ef8-b570-4185698fda83.txt",
    "user" : "rachneet",
    "state" : "IN_PROGRESS",
    "timestamp" : 1676704972000,
    "annotatorState" : "IN_PROGRESS",
    "annotatorComment" : null,
    "sentence_accessed" : 0,
    "created" : 1676704972000,
    "updated" : 1676704972000
  }, {
    "name" : "1f8e01d1-e3f5-48c2-8cf8-946f95a3aee3.txt",
    "user" : "rachneet",
    "state" : "IN_PROGRESS",
    "timestamp" : 1676704973000,
    "annotatorState" : "IN_PROGRESS",
    "annotatorComment" : null,
    "sentence_accessed" : 0,
    "created" : 1676704973000,
    "updated" : 1676704973000
  }, {
    "name" : "2e6011cf-3661-44d6-b210-b6ef73654579.txt",
    "user" : "rachneet",
    "state" : "IN_PROGRESS",
    "timestamp" : 1676704975000,
    "annotatorState" : "IN_PROGRESS",
    "annotatorComment" : null,
    "sentence_accessed" : 0,
    "created" : 1676704975000,
    "updated" : 1676704975000
  }, {
    "name" : "3b7f9db0-521d-4272-9cf3-93dda9291f2b.txt",
    "user" : "rachneet",
    "state" : "IN_PROGRESS",
    "timestamp" : 1676704976000,
    "annotatorState" : "IN_PROGRESS",
    "annotatorComment" : null,
    "sentence_accessed" : 0,
    "created" : 1676704976000,
    "updated" : 1676704976000
  }, {
    "name" : "3de21997-0533-4d0a-9e57-d2fcbf824f36.txt",
    "user" : "rachneet",
    "state" : "IN_PROGRESS",
    "timestamp" : 1676704978000,
    "annotatorState" : "IN_PROGRESS",
    "annotatorComment" : null,
    "sentence_accessed" : 0,
    "created" : 1676704978000,
    "updated" : 1676704978000
  }, {
    "name" : "completion.txt",
    "user" : "rachneet",
    "state" : "IN_PROGRESS",
    "timestamp" : 1676706496000,
    "annotatorState" : "IN_PROGRESS",
    "annotatorComment" : null,
    "sentence_accessed" : 0,
    "created" : 1676706496000,
    "updated" : 1676706496000
  }, {
    "name" : "00a88a12-4989-4f22-9416-e20d871f529e.txt",
    "user" : "wVJYL7EF179jJwARkCi9oQ",
    "state" : "IN_PROGRESS",
    "timestamp" : 1676706587000,
    "annotatorState" : "IN_PROGRESS",
    "annotatorComment" : null,
    "sentence_accessed" : 0,
    "created" : 1676706587000,
    "updated" : 1676706587000
  }, {
    "name" : "02bf9b3f-44ec-4065-9dd7-0dceb20576b7.txt",
    "user" : "wVJYL7EF179jJwARkCi9oQ",
    "state" : "IN_PROGRESS",
    "timestamp" : 1676706598000,
    "annotatorState" : "IN_PROGRESS",
    "annotatorComment" : null,
    "sentence_accessed" : 0,
    "created" : 1676706598000,
    "updated" : 1676706598000
  }, {
    "name" : "0ae75826-200b-4db8-aec4-a9330ec5a116.txt",
    "user" : "wVJYL7EF179jJwARkCi9oQ",
    "state" : "IN_PROGRESS",
    "timestamp" : 1676706599000,
    "annotatorState" : "IN_PROGRESS",
    "annotatorComment" : null,
    "sentence_accessed" : 0,
    "created" : 1676706599000,
    "updated" : 1676706599000
  }, {
    "name" : "0b44a548-5051-49bc-b406-a2441929f57b.txt",
    "user" : "wVJYL7EF179jJwARkCi9oQ",
    "state" : "IN_PROGRESS",
    "timestamp" : 1676706600000,
    "annotatorState" : "IN_PROGRESS",
    "annotatorComment" : null,
    "sentence_accessed" : 0,
    "created" : 1676706600000,
    "updated" : 1676706600000
  }, {
    "name" : "1d86f5e7-84b1-4a6f-9aac-6996bb113b99.txt",
    "user" : "wVJYL7EF179jJwARkCi9oQ",
    "state" : "IN_PROGRESS",
    "timestamp" : 1676706601000,
    "annotatorState" : "IN_PROGRESS",
    "annotatorComment" : null,
    "sentence_accessed" : 0,
    "created" : 1676706601000,
    "updated" : 1676706601000
  }, {
    "name" : "1e232679-68b7-4ef8-b570-4185698fda83.txt",
    "user" : "wVJYL7EF179jJwARkCi9oQ",
    "state" : "IN_PROGRESS",
    "timestamp" : 1676706602000,
    "annotatorState" : "IN_PROGRESS",
    "annotatorComment" : null,
    "sentence_accessed" : 0,
    "created" : 1676706602000,
    "updated" : 1676706602000
  }, {
    "name" : "1f8e01d1-e3f5-48c2-8cf8-946f95a3aee3.txt",
    "user" : "wVJYL7EF179jJwARkCi9oQ",
    "state" : "IN_PROGRESS",
    "timestamp" : 1676706603000,
    "annotatorState" : "IN_PROGRESS",
    "annotatorComment" : null,
    "sentence_accessed" : 0,
    "created" : 1676706603000,
    "updated" : 1676706603000
  }, {
    "name" : "2e6011cf-3661-44d6-b210-b6ef73654579.txt",
    "user" : "wVJYL7EF179jJwARkCi9oQ",
    "state" : "IN_PROGRESS",
    "timestamp" : 1676706604000,
    "annotatorState" : "IN_PROGRESS",
    "annotatorComment" : null,
    "sentence_accessed" : 0,
    "created" : 1676706604000,
    "updated" : 1676706604000
  }, {
    "name" : "3b7f9db0-521d-4272-9cf3-93dda9291f2b.txt",
    "user" : "wVJYL7EF179jJwARkCi9oQ",
    "state" : "IN_PROGRESS",
    "timestamp" : 1676706607000,
    "annotatorState" : "IN_PROGRESS",
    "annotatorComment" : null,
    "sentence_accessed" : 0,
    "created" : 1676706607000,
    "updated" : 1676706607000
  }, {
    "name" : "3de21997-0533-4d0a-9e57-d2fcbf824f36.txt",
    "user" : "wVJYL7EF179jJwARkCi9oQ",
    "state" : "IN_PROGRESS",
    "timestamp" : 1676706609000,
    "annotatorState" : "IN_PROGRESS",
    "annotatorComment" : null,
    "sentence_accessed" : 0,
    "created" : 1676706609000,
    "updated" : 1676706609000
  }, {
    "name" : "completion.txt",
    "user" : "wVJYL7EF179jJwARkCi9oQ",
    "state" : "IN_PROGRESS",
    "timestamp" : 1676706610000,
    "annotatorState" : "IN_PROGRESS",
    "annotatorComment" : null,
    "sentence_accessed" : 0,
    "created" : 1676706610000,
    "updated" : 1676706610000
  }, {
    "name" : "00a88a12-4989-4f22-9416-e20d871f529e.txt",
    "user" : "U4U-HsGbDSjUjGsQYqwzCA",
    "state" : "FINISHED",
    "timestamp" : 1676721658000,
    "annotatorState" : "FINISHED",
    "annotatorComment" : null,
    "sentence_accessed" : 0,
    "created" : 1676713840000,
    "updated" : 1676721868000
  }, {
    "name" : "00a88a12-4989-4f22-9416-e20d871f529e.txt",
    "user" : "Qp4YXOnvjo3VVadyDJRMAA",
    "state" : "IN_PROGRESS",
    "timestamp" : 1676716161000,
    "annotatorState" : "IN_PROGRESS",
    "annotatorComment" : null,
    "sentence_accessed" : 0,
    "created" : 1676714953000,
    "updated" : 1676716161000
  }, {
    "name" : "02bf9b3f-44ec-4065-9dd7-0dceb20576b7.txt",
    "user" : "Qp4YXOnvjo3VVadyDJRMAA",
    "state" : "IN_PROGRESS",
    "timestamp" : 1676717282000,
    "annotatorState" : "IN_PROGRESS",
    "annotatorComment" : null,
    "sentence_accessed" : 0,
    "created" : 1676715104000,
    "updated" : 1676717282000
  }, {
    "name" : "0ae75826-200b-4db8-aec4-a9330ec5a116.txt",
    "user" : "Qp4YXOnvjo3VVadyDJRMAA",
    "state" : "IN_PROGRESS",
    "timestamp" : 1676719568000,
    "annotatorState" : "IN_PROGRESS",
    "annotatorComment" : null,
    "sentence_accessed" : 0,
    "created" : 1676715107000,
    "updated" : 1676719568000
  }, {
    "name" : "02bf9b3f-44ec-4065-9dd7-0dceb20576b7.txt",
    "user" : "U4U-HsGbDSjUjGsQYqwzCA",
    "state" : "FINISHED",
    "timestamp" : 1676721714000,
    "annotatorState" : "FINISHED",
    "annotatorComment" : null,
    "sentence_accessed" : 0,
    "created" : 1676715293000,
    "updated" : 1676721862000
  }, {
    "name" : "0ae75826-200b-4db8-aec4-a9330ec5a116.txt",
    "user" : "U4U-HsGbDSjUjGsQYqwzCA",
    "state" : "FINISHED",
    "timestamp" : 1676719554000,
    "annotatorState" : "FINISHED",
    "annotatorComment" : null,
    "sentence_accessed" : 0,
    "created" : 1676715763000,
    "updated" : 1676721857000
  }, {
    "name" : "0b44a548-5051-49bc-b406-a2441929f57b.txt",
    "user" : "U4U-HsGbDSjUjGsQYqwzCA",
    "state" : "FINISHED",
    "timestamp" : 1676721455000,
    "annotatorState" : "FINISHED",
    "annotatorComment" : null,
    "sentence_accessed" : 0,
    "created" : 1676715942000,
    "updated" : 1676721852000
  }, {
    "name" : "1d86f5e7-84b1-4a6f-9aac-6996bb113b99.txt",
    "user" : "U4U-HsGbDSjUjGsQYqwzCA",
    "state" : "FINISHED",
    "timestamp" : 1676721010000,
    "annotatorState" : "FINISHED",
    "annotatorComment" : null,
    "sentence_accessed" : 0,
    "created" : 1676715943000,
    "updated" : 1676721847000
  }, {
    "name" : "1e232679-68b7-4ef8-b570-4185698fda83.txt",
    "user" : "U4U-HsGbDSjUjGsQYqwzCA",
    "state" : "FINISHED",
    "timestamp" : 1676718494000,
    "annotatorState" : "FINISHED",
    "annotatorComment" : null,
    "sentence_accessed" : 0,
    "created" : 1676715944000,
    "updated" : 1676721843000
  }, {
    "name" : "1f8e01d1-e3f5-48c2-8cf8-946f95a3aee3.txt",
    "user" : "U4U-HsGbDSjUjGsQYqwzCA",
    "state" : "FINISHED",
    "timestamp" : 1676720259000,
    "annotatorState" : "FINISHED",
    "annotatorComment" : null,
    "sentence_accessed" : 0,
    "created" : 1676715945000,
    "updated" : 1676721825000
  }, {
    "name" : "2e6011cf-3661-44d6-b210-b6ef73654579.txt",
    "user" : "U4U-HsGbDSjUjGsQYqwzCA",
    "state" : "FINISHED",
    "timestamp" : 1676718056000,
    "annotatorState" : "FINISHED",
    "annotatorComment" : null,
    "sentence_accessed" : 0,
    "created" : 1676715945000,
    "updated" : 1676721819000
  }, {
    "name" : "3b7f9db0-521d-4272-9cf3-93dda9291f2b.txt",
    "user" : "U4U-HsGbDSjUjGsQYqwzCA",
    "state" : "FINISHED",
    "timestamp" : 1676717445000,
    "annotatorState" : "FINISHED",
    "annotatorComment" : null,
    "sentence_accessed" : 0,
    "created" : 1676715946000,
    "updated" : 1676721812000
  }, {
    "name" : "3de21997-0533-4d0a-9e57-d2fcbf824f36.txt",
    "user" : "U4U-HsGbDSjUjGsQYqwzCA",
    "state" : "FINISHED",
    "timestamp" : 1676720172000,
    "annotatorState" : "FINISHED",
    "annotatorComment" : null,
    "sentence_accessed" : 0,
    "created" : 1676715947000,
    "updated" : 1676721805000
  }, {
    "name" : "completion.txt",
    "user" : "U4U-HsGbDSjUjGsQYqwzCA",
    "state" : "FINISHED",
    "timestamp" : 1676721734000,
    "annotatorState" : "FINISHED",
    "annotatorComment" : null,
    "sentence_accessed" : 0,
    "created" : 1676715948000,
    "updated" : 1676721775000
  }, {
    "name" : "0b44a548-5051-49bc-b406-a2441929f57b.txt",
    "user" : "Qp4YXOnvjo3VVadyDJRMAA",
    "state" : "IN_PROGRESS",
    "timestamp" : 1676720596000,
    "annotatorState" : "IN_PROGRESS",
    "annotatorComment" : null,
    "sentence_accessed" : 0,
    "created" : 1676719568000,
    "updated" : 1676720596000
  }, {
    "name" : "1d86f5e7-84b1-4a6f-9aac-6996bb113b99.txt",
    "user" : "Qp4YXOnvjo3VVadyDJRMAA",
    "state" : "IN_PROGRESS",
    "timestamp" : 1676722651000,
    "annotatorState" : "IN_PROGRESS",
    "annotatorComment" : null,
    "sentence_accessed" : 0,
    "created" : 1676719922000,
    "updated" : 1676722651000
  }, {
    "name" : "1e232679-68b7-4ef8-b570-4185698fda83.txt",
    "user" : "Qp4YXOnvjo3VVadyDJRMAA",
    "state" : "IN_PROGRESS",
    "timestamp" : 1676724184000,
    "annotatorState" : "IN_PROGRESS",
    "annotatorComment" : null,
    "sentence_accessed" : 0,
    "created" : 1676719923000,
    "updated" : 1676724184000
  }, {
    "name" : "1f8e01d1-e3f5-48c2-8cf8-946f95a3aee3.txt",
    "user" : "Qp4YXOnvjo3VVadyDJRMAA",
    "state" : "IN_PROGRESS",
    "timestamp" : 1676725618000,
    "annotatorState" : "IN_PROGRESS",
    "annotatorComment" : null,
    "sentence_accessed" : 0,
    "created" : 1676719924000,
    "updated" : 1676725618000
  }, {
    "name" : "2e6011cf-3661-44d6-b210-b6ef73654579.txt",
    "user" : "Qp4YXOnvjo3VVadyDJRMAA",
    "state" : "IN_PROGRESS",
    "timestamp" : 1676726526000,
    "annotatorState" : "IN_PROGRESS",
    "annotatorComment" : null,
    "sentence_accessed" : 0,
    "created" : 1676722661000,
    "updated" : 1676726526000
  }, {
    "name" : "3b7f9db0-521d-4272-9cf3-93dda9291f2b.txt",
    "user" : "Qp4YXOnvjo3VVadyDJRMAA",
    "state" : "IN_PROGRESS",
    "timestamp" : 1676727213000,
    "annotatorState" : "IN_PROGRESS",
    "annotatorComment" : null,
    "sentence_accessed" : 0,
    "created" : 1676722666000,
    "updated" : 1676727213000
  }, {
    "name" : "3de21997-0533-4d0a-9e57-d2fcbf824f36.txt",
    "user" : "Qp4YXOnvjo3VVadyDJRMAA",
    "state" : "IN_PROGRESS",
    "timestamp" : 1676728533000,
    "annotatorState" : "IN_PROGRESS",
    "annotatorComment" : null,
    "sentence_accessed" : 0,
    "created" : 1676722669000,
    "updated" : 1676728533000
  }, {
    "name" : "completion.txt",
    "user" : "Qp4YXOnvjo3VVadyDJRMAA",
    "state" : "IN_PROGRESS",
    "timestamp" : 1676728540000,
    "annotatorState" : "IN_PROGRESS",
    "annotatorComment" : null,
    "sentence_accessed" : 0,
    "created" : 1676722673000,
    "updated" : 1676728540000
  }, {
    "name" : "00a88a12-4989-4f22-9416-e20d871f529e.txt",
    "user" : "uCKTljvJIvpxenurEySxgA",
    "state" : "IN_PROGRESS",
    "timestamp" : 1676811533000,
    "annotatorState" : "IN_PROGRESS",
    "annotatorComment" : null,
    "sentence_accessed" : 0,
    "created" : 1676724350000,
    "updated" : 1676811533000
  }, {
    "name" : "02bf9b3f-44ec-4065-9dd7-0dceb20576b7.txt",
    "user" : "uCKTljvJIvpxenurEySxgA",
    "state" : "IN_PROGRESS",
    "timestamp" : 1676811892000,
    "annotatorState" : "IN_PROGRESS",
    "annotatorComment" : null,
    "sentence_accessed" : 0,
    "created" : 1676725291000,
    "updated" : 1676811892000
  }, {
    "name" : "0ae75826-200b-4db8-aec4-a9330ec5a116.txt",
    "user" : "uCKTljvJIvpxenurEySxgA",
    "state" : "IN_PROGRESS",
    "timestamp" : 1676812210000,
    "annotatorState" : "IN_PROGRESS",
    "annotatorComment" : null,
    "sentence_accessed" : 0,
    "created" : 1676726574000,
    "updated" : 1676812210000
  }, {
    "name" : "0b44a548-5051-49bc-b406-a2441929f57b.txt",
    "user" : "uCKTljvJIvpxenurEySxgA",
    "state" : "IN_PROGRESS",
    "timestamp" : 1676817073000,
    "annotatorState" : "IN_PROGRESS",
    "annotatorComment" : null,
    "sentence_accessed" : 0,
    "created" : 1676726917000,
    "updated" : 1676817073000
  }, {
    "name" : "1d86f5e7-84b1-4a6f-9aac-6996bb113b99.txt",
    "user" : "uCKTljvJIvpxenurEySxgA",
    "state" : "IN_PROGRESS",
    "timestamp" : 1676817526000,
    "annotatorState" : "IN_PROGRESS",
    "annotatorComment" : null,
    "sentence_accessed" : 0,
    "created" : 1676727006000,
    "updated" : 1676817526000
  }, {
    "name" : "1e232679-68b7-4ef8-b570-4185698fda83.txt",
    "user" : "uCKTljvJIvpxenurEySxgA",
    "state" : "IN_PROGRESS",
    "timestamp" : 1676812845000,
    "annotatorState" : "IN_PROGRESS",
    "annotatorComment" : null,
    "sentence_accessed" : 0,
    "created" : 1676727209000,
    "updated" : 1676812845000
  }, {
    "name" : "1f8e01d1-e3f5-48c2-8cf8-946f95a3aee3.txt",
    "user" : "uCKTljvJIvpxenurEySxgA",
    "state" : "IN_PROGRESS",
    "timestamp" : 1676812966000,
    "annotatorState" : "IN_PROGRESS",
    "annotatorComment" : null,
    "sentence_accessed" : 0,
    "created" : 1676727347000,
    "updated" : 1676812966000
  }, {
    "name" : "2e6011cf-3661-44d6-b210-b6ef73654579.txt",
    "user" : "uCKTljvJIvpxenurEySxgA",
    "state" : "IN_PROGRESS",
    "timestamp" : 1676813017000,
    "annotatorState" : "IN_PROGRESS",
    "annotatorComment" : null,
    "sentence_accessed" : 0,
    "created" : 1676727687000,
    "updated" : 1676813017000
  }, {
    "name" : "3b7f9db0-521d-4272-9cf3-93dda9291f2b.txt",
    "user" : "uCKTljvJIvpxenurEySxgA",
    "state" : "IN_PROGRESS",
    "timestamp" : 1676813070000,
    "annotatorState" : "IN_PROGRESS",
    "annotatorComment" : null,
    "sentence_accessed" : 0,
    "created" : 1676728306000,
    "updated" : 1676813070000
  }, {
    "name" : "3de21997-0533-4d0a-9e57-d2fcbf824f36.txt",
    "user" : "uCKTljvJIvpxenurEySxgA",
    "state" : "IN_PROGRESS",
    "timestamp" : 1676813184000,
    "annotatorState" : "IN_PROGRESS",
    "annotatorComment" : null,
    "sentence_accessed" : 0,
    "created" : 1676728472000,
    "updated" : 1676813184000
  }, {
    "name" : "completion.txt",
    "user" : "uCKTljvJIvpxenurEySxgA",
    "state" : "IN_PROGRESS",
    "timestamp" : 1676813206000,
    "annotatorState" : "IN_PROGRESS",
    "annotatorComment" : null,
    "sentence_accessed" : 0,
    "created" : 1676728675000,
    "updated" : 1676813206000
  }, {
    "name" : "00a88a12-4989-4f22-9416-e20d871f529e.txt",
    "user" : "4Iq-k7H6NBu3ZppAV7aDeQ",
    "state" : "IN_PROGRESS",
    "timestamp" : 1676811782000,
    "annotatorState" : "IN_PROGRESS",
    "annotatorComment" : null,
    "sentence_accessed" : 0,
    "created" : 1676811746000,
    "updated" : 1676811782000
  }, {
    "name" : "02bf9b3f-44ec-4065-9dd7-0dceb20576b7.txt",
    "user" : "4Iq-k7H6NBu3ZppAV7aDeQ",
    "state" : "IN_PROGRESS",
    "timestamp" : 1676811871000,
    "annotatorState" : "IN_PROGRESS",
    "annotatorComment" : null,
    "sentence_accessed" : 0,
    "created" : 1676811785000,
    "updated" : 1676811871000
  }, {
    "name" : "0ae75826-200b-4db8-aec4-a9330ec5a116.txt",
    "user" : "4Iq-k7H6NBu3ZppAV7aDeQ",
    "state" : "IN_PROGRESS",
    "timestamp" : 1676811954000,
    "annotatorState" : "IN_PROGRESS",
    "annotatorComment" : null,
    "sentence_accessed" : 0,
    "created" : 1676811817000,
    "updated" : 1676811954000
  }, {
    "name" : "0b44a548-5051-49bc-b406-a2441929f57b.txt",
    "user" : "4Iq-k7H6NBu3ZppAV7aDeQ",
    "state" : "IN_PROGRESS",
    "timestamp" : 1676812349000,
    "annotatorState" : "IN_PROGRESS",
    "annotatorComment" : null,
    "sentence_accessed" : 0,
    "created" : 1676811954000,
    "updated" : 1676812349000
  }, {
    "name" : "1d86f5e7-84b1-4a6f-9aac-6996bb113b99.txt",
    "user" : "4Iq-k7H6NBu3ZppAV7aDeQ",
    "state" : "IN_PROGRESS",
    "timestamp" : 1676812527000,
    "annotatorState" : "IN_PROGRESS",
    "annotatorComment" : null,
    "sentence_accessed" : 0,
    "created" : 1676812349000,
    "updated" : 1676812527000
  }, {
    "name" : "1e232679-68b7-4ef8-b570-4185698fda83.txt",
    "user" : "4Iq-k7H6NBu3ZppAV7aDeQ",
    "state" : "IN_PROGRESS",
    "timestamp" : 1676812583000,
    "annotatorState" : "IN_PROGRESS",
    "annotatorComment" : null,
    "sentence_accessed" : 0,
    "created" : 1676812527000,
    "updated" : 1676812583000
  }, {
    "name" : "1f8e01d1-e3f5-48c2-8cf8-946f95a3aee3.txt",
    "user" : "4Iq-k7H6NBu3ZppAV7aDeQ",
    "state" : "IN_PROGRESS",
    "timestamp" : 1676812886000,
    "annotatorState" : "IN_PROGRESS",
    "annotatorComment" : null,
    "sentence_accessed" : 0,
    "created" : 1676812584000,
    "updated" : 1676812886000
  }, {
    "name" : "2e6011cf-3661-44d6-b210-b6ef73654579.txt",
    "user" : "4Iq-k7H6NBu3ZppAV7aDeQ",
    "state" : "IN_PROGRESS",
    "timestamp" : 1676813017000,
    "annotatorState" : "IN_PROGRESS",
    "annotatorComment" : null,
    "sentence_accessed" : 0,
    "created" : 1676812886000,
    "updated" : 1676813017000
  }, {
    "name" : "3b7f9db0-521d-4272-9cf3-93dda9291f2b.txt",
    "user" : "4Iq-k7H6NBu3ZppAV7aDeQ",
    "state" : "IN_PROGRESS",
    "timestamp" : 1676813133000,
    "annotatorState" : "IN_PROGRESS",
    "annotatorComment" : null,
    "sentence_accessed" : 0,
    "created" : 1676813017000,
    "updated" : 1676813133000
  }, {
    "name" : "3de21997-0533-4d0a-9e57-d2fcbf824f36.txt",
    "user" : "4Iq-k7H6NBu3ZppAV7aDeQ",
    "state" : "IN_PROGRESS",
    "timestamp" : 1676813207000,
    "annotatorState" : "IN_PROGRESS",
    "annotatorComment" : null,
    "sentence_accessed" : 0,
    "created" : 1676813133000,
    "updated" : 1676813207000
  }, {
    "name" : "completion.txt",
    "user" : "4Iq-k7H6NBu3ZppAV7aDeQ",
    "state" : "FINISHED",
    "timestamp" : 1676813273000,
    "annotatorState" : "FINISHED",
    "annotatorComment" : null,
    "sentence_accessed" : 0,
    "created" : 1676813207000,
    "updated" : 1676813301000
  } ],
  "project_permissions" : [ {
    "level" : "USER",
    "user" : "4Iq-k7H6NBu3ZppAV7aDeQ"
  }, {
    "level" : "USER",
    "user" : "Qp4YXOnvjo3VVadyDJRMAA"
  }, {
    "level" : "ADMIN",
    "user" : "rachneet"
  }, {
    "level" : "CURATOR",
    "user" : "rachneet"
  }, {
    "level" : "USER",
    "user" : "rachneet"
  }, {
    "level" : "USER",
    "user" : "U4U-HsGbDSjUjGsQYqwzCA"
  }, {
    "level" : "USER",
    "user" : "uCKTljvJIvpxenurEySxgA"
  }, {
    "level" : "USER",
    "user" : "wVJYL7EF179jJwARkCi9oQ"
  } ],
  "tag_sets" : [ {
    "name" : "Answer completeness",
    "description" : "Whether the answer is complete or not.",
    "language" : null,
    "tags" : [ {
      "tag_name" : "No",
      "tag_description" : "The answer is complete."
    }, {
      "tag_name" : "Yes",
      "tag_description" : "The answer is incomplete."
    } ],
    "create_tag" : false
  }, {
    "name" : "Answer preference",
    "description" : "Choice of preferred answer.",
    "language" : null,
    "tags" : [ {
      "tag_name" : "Answer 1",
      "tag_description" : "The first answer."
    }, {
      "tag_name" : "Answer 2",
      "tag_description" : "The second answer."
    } ],
    "create_tag" : false
  }, {
    "name" : "Coreference mentions",
    "description" : "coreference type annotation",
    "language" : "de",
    "tags" : [ {
      "tag_name" : "nam",
      "tag_description" : "nam"
    } ],
    "create_tag" : false
  }, {
    "name" : "Coreference relations",
    "description" : "coreference relation annotation",
    "language" : "de",
    "tags" : [ {
      "tag_name" : "anaphoric",
      "tag_description" : "anaphoric"
    } ],
    "create_tag" : false
  }, {
    "name" : "Dependency flavors",
    "description" : "Dependency flavors",
    "language" : "mul",
    "tags" : [ {
      "tag_name" : "basic",
      "tag_description" : "basic"
    }, {
      "tag_name" : "enhanced",
      "tag_description" : "enhanced"
    } ],
    "create_tag" : false
  }, {
    "name" : "Named Entity tags",
    "description" : "Named Entity annotation",
    "language" : "de",
    "tags" : [ {
      "tag_name" : "LOC",
      "tag_description" : "Location"
    }, {
      "tag_name" : "LOCderiv",
      "tag_description" : "Location derivative"
    }, {
      "tag_name" : "LOCpart",
      "tag_description" : "Hyphenated part is location"
    }, {
      "tag_name" : "ORG",
      "tag_description" : "Organization"
    }, {
      "tag_name" : "ORGderiv",
      "tag_description" : "Organization derivative"
    }, {
      "tag_name" : "ORGpart",
      "tag_description" : "Hyphenated part is organization"
    }, {
      "tag_name" : "OTH",
      "tag_description" : "Other: Every name that is not a location, person or organisation"
    }, {
      "tag_name" : "OTHderiv",
      "tag_description" : "Other derivative"
    }, {
      "tag_name" : "OTHpart",
      "tag_description" : "Hyphenated part is Other"
    }, {
      "tag_name" : "PER",
      "tag_description" : "Person"
    }, {
      "tag_name" : "PERderiv",
      "tag_description" : "Person derivative"
    }, {
      "tag_name" : "PERpart",
      "tag_description" : "Hyphenated part is person"
    } ],
    "create_tag" : false
  }, {
    "name" : "Operation",
    "description" : "operation to be done with specified in tokenIDs token/tokens in order to correct",
    "language" : "en",
    "tags" : [ {
      "tag_name" : "delete",
      "tag_description" : "delete"
    }, {
      "tag_name" : "insert_after",
      "tag_description" : "insert after"
    }, {
      "tag_name" : "insert_before",
      "tag_description" : "insert before"
    }, {
      "tag_name" : "replace",
      "tag_description" : "replace"
    } ],
    "create_tag" : false
  }, {
    "name" : "UD Universal Dependencies (v2)",
    "description" : "The idea of universal dependencies is to propose a set of universal grammatical relations which can be used with relative fidelity to capture any dependency relation between words in any language. Each dependency relation should be typed with one of the relations in the table below.\r\n\r\nThe following table lists the 37 universal syntactic relations used in UD v2. It is a revised version of the relations originally described in Universal Stanford Dependencies: A cross-linguistic typology (de Marneffe et al. 2014).\r\n\r\n© 2014-2017 Universal Dependencies contributors.\r\n\r\nSee also: https://universaldependencies.org/u/dep/index.html",
    "language" : "mul",
    "tags" : [ {
      "tag_name" : "acl",
      "tag_description" : "clausal modifier of noun (adjectival clause)"
    }, {
      "tag_name" : "advcl",
      "tag_description" : "adverbial clause modifier"
    }, {
      "tag_name" : "advmod",
      "tag_description" : "adverbial modifier"
    }, {
      "tag_name" : "amod",
      "tag_description" : "adjectival modifier"
    }, {
      "tag_name" : "appos",
      "tag_description" : "appositional modifier"
    }, {
      "tag_name" : "aux",
      "tag_description" : "auxiliary"
    }, {
      "tag_name" : "case",
      "tag_description" : "case marking"
    }, {
      "tag_name" : "cc",
      "tag_description" : "coordinating conjunction"
    }, {
      "tag_name" : "ccomp",
      "tag_description" : "clausal complement"
    }, {
      "tag_name" : "clf",
      "tag_description" : "classifier"
    }, {
      "tag_name" : "compound",
      "tag_description" : "compound"
    }, {
      "tag_name" : "conj",
      "tag_description" : "conjunct"
    }, {
      "tag_name" : "cop",
      "tag_description" : "copula"
    }, {
      "tag_name" : "csubj",
      "tag_description" : "clausal subject"
    }, {
      "tag_name" : "dep",
      "tag_description" : "unspecified dependency"
    }, {
      "tag_name" : "det",
      "tag_description" : "determiner"
    }, {
      "tag_name" : "discourse",
      "tag_description" : "discourse element"
    }, {
      "tag_name" : "dislocated",
      "tag_description" : "dislocated elements"
    }, {
      "tag_name" : "expl",
      "tag_description" : "expletive"
    }, {
      "tag_name" : "fixed",
      "tag_description" : "fixed multiword expression"
    }, {
      "tag_name" : "flat",
      "tag_description" : "flat multiword expression"
    }, {
      "tag_name" : "goeswith",
      "tag_description" : "goes with"
    }, {
      "tag_name" : "iobj",
      "tag_description" : "indirect object"
    }, {
      "tag_name" : "list",
      "tag_description" : "list"
    }, {
      "tag_name" : "mark",
      "tag_description" : "marker"
    }, {
      "tag_name" : "nmod",
      "tag_description" : "nominal modifier"
    }, {
      "tag_name" : "nsubj",
      "tag_description" : "nominal subject"
    }, {
      "tag_name" : "nummod",
      "tag_description" : "numeric modifier"
    }, {
      "tag_name" : "obj",
      "tag_description" : "object"
    }, {
      "tag_name" : "obl",
      "tag_description" : "oblique nominal"
    }, {
      "tag_name" : "orphan",
      "tag_description" : "orphan"
    }, {
      "tag_name" : "parataxis",
      "tag_description" : "parataxis"
    }, {
      "tag_name" : "punct",
      "tag_description" : "punctuation"
    }, {
      "tag_name" : "reparandum",
      "tag_description" : "overridden disfluency"
    }, {
      "tag_name" : "root",
      "tag_description" : "root"
    }, {
      "tag_name" : "vocative",
      "tag_description" : "vocative"
    }, {
      "tag_name" : "xcomp",
      "tag_description" : "open clausal complement"
    } ],
    "create_tag" : false
  }, {
    "name" : "UD Universal POS tags (v2)",
    "description" : "These tags mark the core part-of-speech categories from the Universal Dependencies project. To distinguish additional lexical and grammatical properties of words, use the universal features.\r\n\r\n© 2017 Universal Dependencies contributors\r\n\r\nSee: https://universaldependencies.org/u/pos/index.html",
    "language" : "mul",
    "tags" : [ {
      "tag_name" : "ADJ",
      "tag_description" : "adjective"
    }, {
      "tag_name" : "ADP",
      "tag_description" : "adposition"
    }, {
      "tag_name" : "ADV",
      "tag_description" : "adverb"
    }, {
      "tag_name" : "AUX",
      "tag_description" : "auxiliary"
    }, {
      "tag_name" : "CCONJ",
      "tag_description" : "coordinating conjunction"
    }, {
      "tag_name" : "DET",
      "tag_description" : "determiner"
    }, {
      "tag_name" : "INTJ",
      "tag_description" : "interjection"
    }, {
      "tag_name" : "NOUN",
      "tag_description" : "noun"
    }, {
      "tag_name" : "NUM",
      "tag_description" : "numeral"
    }, {
      "tag_name" : "PART",
      "tag_description" : "particle"
    }, {
      "tag_name" : "PRON",
      "tag_description" : "pronoun"
    }, {
      "tag_name" : "PROPN",
      "tag_description" : "proper noun"
    }, {
      "tag_name" : "PUNCT",
      "tag_description" : "punctuation"
    }, {
      "tag_name" : "SCONJ",
      "tag_description" : "subordinating conjunction"
    }, {
      "tag_name" : "SYM",
      "tag_description" : "symbol"
    }, {
      "tag_name" : "VERB",
      "tag_description" : "verb"
    }, {
      "tag_name" : "X",
      "tag_description" : "other"
    } ],
    "create_tag" : false
  } ],
  "layers" : [ {
    "name" : "webanno.custom.Questionmisconception",
    "features" : [ {
      "name" : "ReasonforfalseassumptionmisconceptionGivereferencesifnecessary",
      "tag_set" : null,
      "uiName" : "Reason for false assumption/misconception.",
      "type" : "uima.cas.String",
      "enabled" : true,
      "visible" : false,
      "include_in_hover" : false,
      "required" : false,
      "remember" : false,
      "hideUnconstraintFeature" : false,
      "description" : "Reason for false assumptions or misconceptions in the question.",
      "project_name" : "LFQA-Economics-Pilot",
      "multi_value_mode" : "NONE",
      "link_mode" : "NONE",
      "link_type_name" : null,
      "link_type_role_feature_name" : null,
      "link_type_target_feature_name" : null,
      "traits" : "{\"multipleRows\":true,\"dynamicSize\":false,\"collapsedRows\":10,\"expandedRows\":10,\"editorType\":\"AUTO\",\"keyBindings\":[]}",
      "curatable" : true
    } ],
    "uiName" : "1. Question misconception",
    "type" : "span",
    "description" : "If the question contains any assumptions or misconceptions.",
    "enabled" : true,
    "built_in" : false,
    "readonly" : false,
    "attach_type" : null,
    "attach_feature" : null,
    "allow_stacking" : true,
    "cross_sentence" : true,
    "show_hover" : true,
    "anchoring_mode" : "TOKENS",
    "overlap_mode" : "ANY_OVERLAP",
    "validation_mode" : "ALWAYS",
    "lock_to_token_offset" : false,
    "multiple_tokens" : true,
    "project_name" : "LFQA-Economics-Pilot",
    "linked_list_behavior" : false,
    "on_click_javascript_action" : null,
    "traits" : "{\"coloringRules\":{\"rules\":[]}}"
  }, {
    "name" : "webanno.custom.Factuality",
    "features" : [ {
      "name" : "Reasonforfactualincorrectness",
      "tag_set" : null,
      "uiName" : "Reason for factual incorrectness.",
      "type" : "uima.cas.String",
      "enabled" : true,
      "visible" : false,
      "include_in_hover" : false,
      "required" : false,
      "remember" : false,
      "hideUnconstraintFeature" : false,
      "description" : "Give reasons why the information is factually incorrect.",
      "project_name" : "LFQA-Economics-Pilot",
      "multi_value_mode" : "NONE",
      "link_mode" : "NONE",
      "link_type_name" : null,
      "link_type_role_feature_name" : null,
      "link_type_target_feature_name" : null,
      "traits" : "{\"multipleRows\":true,\"dynamicSize\":false,\"collapsedRows\":10,\"expandedRows\":10,\"editorType\":\"AUTO\",\"keyBindings\":[]}",
      "curatable" : true
    } ],
    "uiName" : "2. Factuality",
    "type" : "span",
    "description" : "Mark spans of text that are factually incorrect.",
    "enabled" : true,
    "built_in" : false,
    "readonly" : false,
    "attach_type" : null,
    "attach_feature" : null,
    "allow_stacking" : true,
    "cross_sentence" : true,
    "show_hover" : true,
    "anchoring_mode" : "TOKENS",
    "overlap_mode" : "ANY_OVERLAP",
    "validation_mode" : "ALWAYS",
    "lock_to_token_offset" : false,
    "multiple_tokens" : true,
    "project_name" : "LFQA-Economics-Pilot",
    "linked_list_behavior" : false,
    "on_click_javascript_action" : null,
    "traits" : "{\"coloringRules\":{\"rules\":[]}}"
  }, {
    "name" : "webanno.custom.Irrelevant",
    "features" : [ {
      "name" : "Reasonforirrelevance",
      "tag_set" : null,
      "uiName" : "Reason for irrelevance.",
      "type" : "uima.cas.String",
      "enabled" : true,
      "visible" : false,
      "include_in_hover" : false,
      "required" : false,
      "remember" : false,
      "hideUnconstraintFeature" : false,
      "description" : "Give reasons for why the spans are irrelevant in answering the question.",
      "project_name" : "LFQA-Economics-Pilot",
      "multi_value_mode" : "NONE",
      "link_mode" : "NONE",
      "link_type_name" : null,
      "link_type_role_feature_name" : null,
      "link_type_target_feature_name" : null,
      "traits" : "{\"multipleRows\":true,\"dynamicSize\":false,\"collapsedRows\":10,\"expandedRows\":10,\"editorType\":\"AUTO\",\"keyBindings\":[]}",
      "curatable" : true
    } ],
    "uiName" : "3. Irrelevance",
    "type" : "span",
    "description" : "Marks spans in answer that are irrelevant to the answering the question. Removing them should not hurt the answer quality.",
    "enabled" : true,
    "built_in" : false,
    "readonly" : false,
    "attach_type" : null,
    "attach_feature" : null,
    "allow_stacking" : true,
    "cross_sentence" : true,
    "show_hover" : true,
    "anchoring_mode" : "TOKENS",
    "overlap_mode" : "ANY_OVERLAP",
    "validation_mode" : "ALWAYS",
    "lock_to_token_offset" : false,
    "multiple_tokens" : true,
    "project_name" : "LFQA-Economics-Pilot",
    "linked_list_behavior" : false,
    "on_click_javascript_action" : null,
    "traits" : "{\"coloringRules\":{\"rules\":[]}}"
  }, {
    "name" : "webanno.custom.Completeness",
    "features" : [ {
      "name" : "ReasonforIncompleteness",
      "tag_set" : null,
      "uiName" : "Reason for Incompleteness.",
      "type" : "uima.cas.String",
      "enabled" : true,
      "visible" : false,
      "include_in_hover" : false,
      "required" : false,
      "remember" : false,
      "hideUnconstraintFeature" : false,
      "description" : "Give reasons for answer incompleteness.",
      "project_name" : "LFQA-Economics-Pilot",
      "multi_value_mode" : "NONE",
      "link_mode" : "NONE",
      "link_type_name" : null,
      "link_type_role_feature_name" : null,
      "link_type_target_feature_name" : null,
      "traits" : "{\"multipleRows\":true,\"dynamicSize\":false,\"collapsedRows\":10,\"expandedRows\":10,\"editorType\":\"AUTO\",\"keyBindings\":[]}",
      "curatable" : true
    } ],
    "uiName" : "4. Completeness (Question)",
    "type" : "span",
    "description" : "Highlight the sub-part that is not answered in the answer.",
    "enabled" : true,
    "built_in" : false,
    "readonly" : false,
    "attach_type" : null,
    "attach_feature" : null,
    "allow_stacking" : true,
    "cross_sentence" : true,
    "show_hover" : true,
    "anchoring_mode" : "TOKENS",
    "overlap_mode" : "ANY_OVERLAP",
    "validation_mode" : "ALWAYS",
    "lock_to_token_offset" : false,
    "multiple_tokens" : true,
    "project_name" : "LFQA-Economics-Pilot",
    "linked_list_behavior" : false,
    "on_click_javascript_action" : null,
    "traits" : "{\"coloringRules\":{\"rules\":[]}}"
  }, {
    "name" : "webanno.custom.CompletenessAnswer",
    "features" : [ {
      "name" : "ReasonforIncompleteness",
      "tag_set" : null,
      "uiName" : "Reason for Incompleteness.",
      "type" : "uima.cas.String",
      "enabled" : true,
      "visible" : false,
      "include_in_hover" : false,
      "required" : false,
      "remember" : false,
      "hideUnconstraintFeature" : false,
      "description" : "Give reasons for the incompleteness.",
      "project_name" : "LFQA-Economics-Pilot",
      "multi_value_mode" : "NONE",
      "link_mode" : "NONE",
      "link_type_name" : null,
      "link_type_role_feature_name" : null,
      "link_type_target_feature_name" : null,
      "traits" : "{\"multipleRows\":true,\"dynamicSize\":false,\"collapsedRows\":10,\"expandedRows\":10,\"editorType\":\"AUTO\",\"keyBindings\":[]}",
      "curatable" : true
    } ],
    "uiName" : "5. Completeness (Answer)",
    "type" : "span",
    "description" : "Check if the answer is comprehensive and includes all necessary information to answer the question.",
    "enabled" : true,
    "built_in" : false,
    "readonly" : false,
    "attach_type" : null,
    "attach_feature" : null,
    "allow_stacking" : true,
    "cross_sentence" : true,
    "show_hover" : true,
    "anchoring_mode" : "TOKENS",
    "overlap_mode" : "ANY_OVERLAP",
    "validation_mode" : "ALWAYS",
    "lock_to_token_offset" : false,
    "multiple_tokens" : true,
    "project_name" : "LFQA-Economics-Pilot",
    "linked_list_behavior" : false,
    "on_click_javascript_action" : null,
    "traits" : "{\"coloringRules\":{\"rules\":[]}}"
  }, {
    "name" : "webanno.custom.References",
    "features" : [ {
      "name" : "Isithelpful",
      "tag_set" : null,
      "uiName" : "Is it helpful?",
      "type" : "uima.cas.Boolean",
      "enabled" : true,
      "visible" : false,
      "include_in_hover" : false,
      "required" : true,
      "remember" : false,
      "hideUnconstraintFeature" : false,
      "description" : "Whether it is helpful or not?",
      "project_name" : "LFQA-Economics-Pilot",
      "multi_value_mode" : "NONE",
      "link_mode" : "NONE",
      "link_type_name" : null,
      "link_type_role_feature_name" : null,
      "link_type_target_feature_name" : null,
      "traits" : null,
      "curatable" : true
    }, {
      "name" : "Reasonforhelpfulness",
      "tag_set" : null,
      "uiName" : "Reason for un/helpfulness.",
      "type" : "uima.cas.String",
      "enabled" : true,
      "visible" : false,
      "include_in_hover" : false,
      "required" : false,
      "remember" : false,
      "hideUnconstraintFeature" : false,
      "description" : "Give reasons for the helpfulness of references in the answer.",
      "project_name" : "LFQA-Economics-Pilot",
      "multi_value_mode" : "NONE",
      "link_mode" : "NONE",
      "link_type_name" : null,
      "link_type_role_feature_name" : null,
      "link_type_target_feature_name" : null,
      "traits" : "{\"multipleRows\":true,\"dynamicSize\":false,\"collapsedRows\":10,\"expandedRows\":10,\"editorType\":\"AUTO\",\"keyBindings\":[]}",
      "curatable" : true
    } ],
    "uiName" : "6. References",
    "type" : "span",
    "description" : "Mark references and examples in the answer.",
    "enabled" : true,
    "built_in" : false,
    "readonly" : false,
    "attach_type" : null,
    "attach_feature" : null,
    "allow_stacking" : true,
    "cross_sentence" : true,
    "show_hover" : true,
    "anchoring_mode" : "TOKENS",
    "overlap_mode" : "ANY_OVERLAP",
    "validation_mode" : "ALWAYS",
    "lock_to_token_offset" : false,
    "multiple_tokens" : true,
    "project_name" : "LFQA-Economics-Pilot",
    "linked_list_behavior" : false,
    "on_click_javascript_action" : null,
    "traits" : "{\"coloringRules\":{\"rules\":[]}}"
  }, {
    "name" : "webanno.custom.Hardtounderstand",
    "features" : [ {
      "name" : "Reasonfordifficulty",
      "tag_set" : null,
      "uiName" : "Reason for difficulty",
      "type" : "uima.cas.String",
      "enabled" : true,
      "visible" : false,
      "include_in_hover" : false,
      "required" : false,
      "remember" : false,
      "hideUnconstraintFeature" : false,
      "description" : "Give reasons to explain why the text is hard to interpret.",
      "project_name" : "LFQA-Economics-Pilot",
      "multi_value_mode" : "NONE",
      "link_mode" : "NONE",
      "link_type_name" : null,
      "link_type_role_feature_name" : null,
      "link_type_target_feature_name" : null,
      "traits" : "{\"multipleRows\":true,\"dynamicSize\":false,\"collapsedRows\":10,\"expandedRows\":10,\"editorType\":\"AUTO\",\"keyBindings\":[]}",
      "curatable" : true
    } ],
    "uiName" : "7. Hard to understand",
    "type" : "span",
    "description" : "Mark spans of text that cause difficulty in understanding, for example, a part of text that they have to reread to understand.",
    "enabled" : true,
    "built_in" : false,
    "readonly" : false,
    "attach_type" : null,
    "attach_feature" : null,
    "allow_stacking" : true,
    "cross_sentence" : true,
    "show_hover" : true,
    "anchoring_mode" : "TOKENS",
    "overlap_mode" : "ANY_OVERLAP",
    "validation_mode" : "ALWAYS",
    "lock_to_token_offset" : false,
    "multiple_tokens" : true,
    "project_name" : "LFQA-Economics-Pilot",
    "linked_list_behavior" : false,
    "on_click_javascript_action" : null,
    "traits" : "{\"coloringRules\":{\"rules\":[]}}"
  }, {
    "name" : "webanno.custom.Answerpreferencev1",
    "features" : [ {
      "name" : "preference",
      "tag_set" : {
        "name" : "Answer preference",
        "description" : null,
        "language" : null,
        "tags" : [ ],
        "create_tag" : false
      },
      "uiName" : "Preference",
      "type" : "uima.cas.String",
      "enabled" : true,
      "visible" : true,
      "include_in_hover" : false,
      "required" : false,
      "remember" : false,
      "hideUnconstraintFeature" : false,
      "description" : null,
      "project_name" : "LFQA-Economics-Pilot",
      "multi_value_mode" : "NONE",
      "link_mode" : "NONE",
      "link_type_name" : null,
      "link_type_role_feature_name" : null,
      "link_type_target_feature_name" : null,
      "traits" : "{\"multipleRows\":false,\"dynamicSize\":false,\"collapsedRows\":1,\"expandedRows\":1,\"editorType\":\"AUTO\",\"keyBindings\":[]}",
      "curatable" : true
    }, {
      "name" : "Reason",
      "tag_set" : null,
      "uiName" : "Reason for preference",
      "type" : "uima.cas.String",
      "enabled" : true,
      "visible" : true,
      "include_in_hover" : false,
      "required" : false,
      "remember" : false,
      "hideUnconstraintFeature" : false,
      "description" : null,
      "project_name" : "LFQA-Economics-Pilot",
      "multi_value_mode" : "NONE",
      "link_mode" : "NONE",
      "link_type_name" : null,
      "link_type_role_feature_name" : null,
      "link_type_target_feature_name" : null,
      "traits" : "{\"multipleRows\":true,\"dynamicSize\":false,\"collapsedRows\":10,\"expandedRows\":10,\"editorType\":\"AUTO\",\"keyBindings\":[]}",
      "curatable" : true
    } ],
    "uiName" : "Answer preference",
    "type" : "document-metadata",
    "description" : "Choose the preferred answer.",
    "enabled" : true,
    "built_in" : false,
    "readonly" : false,
    "attach_type" : null,
    "attach_feature" : null,
    "allow_stacking" : false,
    "cross_sentence" : false,
    "show_hover" : true,
    "anchoring_mode" : "TOKENS",
    "overlap_mode" : "NO_OVERLAP",
    "validation_mode" : "ALWAYS",
    "lock_to_token_offset" : false,
    "multiple_tokens" : true,
    "project_name" : "LFQA-Economics-Pilot",
    "linked_list_behavior" : false,
    "on_click_javascript_action" : null,
    "traits" : "{\"singleton\":true}"
  }, {
    "name" : "de.tudarmstadt.ukp.dkpro.core.api.syntax.type.chunk.Chunk",
    "features" : [ {
      "name" : "chunkValue",
      "tag_set" : null,
      "uiName" : "Tag",
      "type" : "uima.cas.String",
      "enabled" : true,
      "visible" : true,
      "include_in_hover" : false,
      "required" : false,
      "remember" : false,
      "hideUnconstraintFeature" : false,
      "description" : "Chunk tag",
      "project_name" : "LFQA-Economics-Pilot",
      "multi_value_mode" : "NONE",
      "link_mode" : "NONE",
      "link_type_name" : null,
      "link_type_role_feature_name" : null,
      "link_type_target_feature_name" : null,
      "traits" : null,
      "curatable" : true
    } ],
    "uiName" : "Chunk",
    "type" : "span",
    "description" : null,
    "enabled" : false,
    "built_in" : true,
    "readonly" : false,
    "attach_type" : null,
    "attach_feature" : null,
    "allow_stacking" : false,
    "cross_sentence" : false,
    "show_hover" : true,
    "anchoring_mode" : "TOKENS",
    "overlap_mode" : "NO_OVERLAP",
    "validation_mode" : "ALWAYS",
    "lock_to_token_offset" : false,
    "multiple_tokens" : true,
    "project_name" : "LFQA-Economics-Pilot",
    "linked_list_behavior" : false,
    "on_click_javascript_action" : null,
    "traits" : "{\"coloringRules\":{\"rules\":[]}}"
  }, {
    "name" : "de.tudarmstadt.ukp.dkpro.core.api.coref.type.Coreference",
    "features" : [ {
      "name" : "referenceRelation",
      "tag_set" : {
        "name" : "Coreference relations",
        "description" : null,
        "language" : null,
        "tags" : [ ],
        "create_tag" : false
      },
      "uiName" : "referenceRelation",
      "type" : "uima.cas.String",
      "enabled" : true,
      "visible" : true,
      "include_in_hover" : false,
      "required" : false,
      "remember" : false,
      "hideUnconstraintFeature" : false,
      "description" : "Coreference relation",
      "project_name" : "LFQA-Economics-Pilot",
      "multi_value_mode" : "NONE",
      "link_mode" : "NONE",
      "link_type_name" : null,
      "link_type_role_feature_name" : null,
      "link_type_target_feature_name" : null,
      "traits" : null,
      "curatable" : true
    }, {
      "name" : "referenceType",
      "tag_set" : {
        "name" : "Coreference mentions",
        "description" : null,
        "language" : null,
        "tags" : [ ],
        "create_tag" : false
      },
      "uiName" : "referenceType",
      "type" : "uima.cas.String",
      "enabled" : true,
      "visible" : true,
      "include_in_hover" : false,
      "required" : false,
      "remember" : false,
      "hideUnconstraintFeature" : false,
      "description" : "Coreference type",
      "project_name" : "LFQA-Economics-Pilot",
      "multi_value_mode" : "NONE",
      "link_mode" : "NONE",
      "link_type_name" : null,
      "link_type_role_feature_name" : null,
      "link_type_target_feature_name" : null,
      "traits" : null,
      "curatable" : true
    } ],
    "uiName" : "Coreference",
    "type" : "chain",
    "description" : null,
    "enabled" : false,
    "built_in" : true,
    "readonly" : false,
    "attach_type" : null,
    "attach_feature" : null,
    "allow_stacking" : true,
    "cross_sentence" : true,
    "show_hover" : true,
    "anchoring_mode" : "TOKENS",
    "overlap_mode" : "ANY_OVERLAP",
    "validation_mode" : "ALWAYS",
    "lock_to_token_offset" : false,
    "multiple_tokens" : true,
    "project_name" : "LFQA-Economics-Pilot",
    "linked_list_behavior" : false,
    "on_click_javascript_action" : null,
    "traits" : "{}"
  }, {
    "name" : "de.tudarmstadt.ukp.dkpro.core.api.syntax.type.dependency.Dependency",
    "features" : [ {
      "name" : "flavor",
      "tag_set" : {
        "name" : "Dependency flavors",
        "description" : null,
        "language" : null,
        "tags" : [ ],
        "create_tag" : false
      },
      "uiName" : "Flavor",
      "type" : "uima.cas.String",
      "enabled" : true,
      "visible" : true,
      "include_in_hover" : false,
      "required" : false,
      "remember" : false,
      "hideUnconstraintFeature" : false,
      "description" : "Dependency relation",
      "project_name" : "LFQA-Economics-Pilot",
      "multi_value_mode" : "NONE",
      "link_mode" : "NONE",
      "link_type_name" : null,
      "link_type_role_feature_name" : null,
      "link_type_target_feature_name" : null,
      "traits" : null,
      "curatable" : true
    }, {
      "name" : "DependencyType",
      "tag_set" : {
        "name" : "UD Universal Dependencies (v2)",
        "description" : null,
        "language" : null,
        "tags" : [ ],
        "create_tag" : false
      },
      "uiName" : "Relation",
      "type" : "uima.cas.String",
      "enabled" : true,
      "visible" : true,
      "include_in_hover" : false,
      "required" : false,
      "remember" : false,
      "hideUnconstraintFeature" : false,
      "description" : "Dependency relation",
      "project_name" : "LFQA-Economics-Pilot",
      "multi_value_mode" : "NONE",
      "link_mode" : "NONE",
      "link_type_name" : null,
      "link_type_role_feature_name" : null,
      "link_type_target_feature_name" : null,
      "traits" : null,
      "curatable" : true
    } ],
    "uiName" : "Dependency",
    "type" : "relation",
    "description" : null,
    "enabled" : false,
    "built_in" : true,
    "readonly" : false,
    "attach_type" : {
      "name" : "de.tudarmstadt.ukp.dkpro.core.api.segmentation.type.Token"
    },
    "attach_feature" : {
      "name" : "pos",
      "layer" : "de.tudarmstadt.ukp.dkpro.core.api.segmentation.type.Token"
    },
    "allow_stacking" : false,
    "cross_sentence" : false,
    "show_hover" : true,
    "anchoring_mode" : "SINGLE_TOKEN",
    "overlap_mode" : "OVERLAP_ONLY",
    "validation_mode" : "ALWAYS",
    "lock_to_token_offset" : true,
    "multiple_tokens" : false,
    "project_name" : "LFQA-Economics-Pilot",
    "linked_list_behavior" : false,
    "on_click_javascript_action" : null,
    "traits" : "{\"coloringRules\":{\"rules\":[]},\"renderArcs\":true}"
  }, {
    "name" : "de.tudarmstadt.ukp.dkpro.core.api.segmentation.type.Lemma",
    "features" : [ {
      "name" : "value",
      "tag_set" : null,
      "uiName" : "Lemma",
      "type" : "uima.cas.String",
      "enabled" : true,
      "visible" : true,
      "include_in_hover" : false,
      "required" : false,
      "remember" : false,
      "hideUnconstraintFeature" : false,
      "description" : "lemma Annotation",
      "project_name" : "LFQA-Economics-Pilot",
      "multi_value_mode" : "NONE",
      "link_mode" : "NONE",
      "link_type_name" : null,
      "link_type_role_feature_name" : null,
      "link_type_target_feature_name" : null,
      "traits" : null,
      "curatable" : true
    } ],
    "uiName" : "Lemma",
    "type" : "span",
    "description" : null,
    "enabled" : false,
    "built_in" : true,
    "readonly" : false,
    "attach_type" : {
      "name" : "de.tudarmstadt.ukp.dkpro.core.api.segmentation.type.Token"
    },
    "attach_feature" : {
      "name" : "lemma",
      "layer" : "de.tudarmstadt.ukp.dkpro.core.api.segmentation.type.Token"
    },
    "allow_stacking" : false,
    "cross_sentence" : false,
    "show_hover" : true,
    "anchoring_mode" : "SINGLE_TOKEN",
    "overlap_mode" : "NO_OVERLAP",
    "validation_mode" : "ALWAYS",
    "lock_to_token_offset" : true,
    "multiple_tokens" : false,
    "project_name" : "LFQA-Economics-Pilot",
    "linked_list_behavior" : false,
    "on_click_javascript_action" : null,
    "traits" : "{\"coloringRules\":{\"rules\":[]}}"
  }, {
    "name" : "de.tudarmstadt.ukp.dkpro.core.api.lexmorph.type.morph.MorphologicalFeatures",
    "features" : [ {
      "name" : "value",
      "tag_set" : null,
      "uiName" : "Features",
      "type" : "uima.cas.String",
      "enabled" : true,
      "visible" : false,
      "include_in_hover" : false,
      "required" : false,
      "remember" : false,
      "hideUnconstraintFeature" : false,
      "description" : "Morphological features",
      "project_name" : "LFQA-Economics-Pilot",
      "multi_value_mode" : "NONE",
      "link_mode" : "NONE",
      "link_type_name" : null,
      "link_type_role_feature_name" : null,
      "link_type_target_feature_name" : null,
      "traits" : null,
      "curatable" : true
    } ],
    "uiName" : "Morphological features",
    "type" : "span",
    "description" : null,
    "enabled" : false,
    "built_in" : true,
    "readonly" : false,
    "attach_type" : {
      "name" : "de.tudarmstadt.ukp.dkpro.core.api.segmentation.type.Token"
    },
    "attach_feature" : {
      "name" : "morph",
      "layer" : "de.tudarmstadt.ukp.dkpro.core.api.segmentation.type.Token"
    },
    "allow_stacking" : false,
    "cross_sentence" : false,
    "show_hover" : true,
    "anchoring_mode" : "SINGLE_TOKEN",
    "overlap_mode" : "NO_OVERLAP",
    "validation_mode" : "ALWAYS",
    "lock_to_token_offset" : true,
    "multiple_tokens" : false,
    "project_name" : "LFQA-Economics-Pilot",
    "linked_list_behavior" : false,
    "on_click_javascript_action" : null,
    "traits" : "{\"coloringRules\":{\"rules\":[]}}"
  }, {
    "name" : "de.tudarmstadt.ukp.dkpro.core.api.ner.type.NamedEntity",
    "features" : [ {
      "name" : "identifier",
      "tag_set" : null,
      "uiName" : "identifier",
      "type" : "kb:<ANY>",
      "enabled" : true,
      "visible" : true,
      "include_in_hover" : false,
      "required" : false,
      "remember" : false,
      "hideUnconstraintFeature" : false,
      "description" : "Linked entity",
      "project_name" : "LFQA-Economics-Pilot",
      "multi_value_mode" : "NONE",
      "link_mode" : "NONE",
      "link_type_name" : null,
      "link_type_role_feature_name" : null,
      "link_type_target_feature_name" : null,
      "traits" : null,
      "curatable" : true
    }, {
      "name" : "value",
      "tag_set" : {
        "name" : "Named Entity tags",
        "description" : null,
        "language" : null,
        "tags" : [ ],
        "create_tag" : false
      },
      "uiName" : "value",
      "type" : "uima.cas.String",
      "enabled" : true,
      "visible" : true,
      "include_in_hover" : false,
      "required" : false,
      "remember" : false,
      "hideUnconstraintFeature" : false,
      "description" : "Named entity type",
      "project_name" : "LFQA-Economics-Pilot",
      "multi_value_mode" : "NONE",
      "link_mode" : "NONE",
      "link_type_name" : null,
      "link_type_role_feature_name" : null,
      "link_type_target_feature_name" : null,
      "traits" : null,
      "curatable" : true
    } ],
    "uiName" : "Named entity",
    "type" : "span",
    "description" : null,
    "enabled" : false,
    "built_in" : true,
    "readonly" : false,
    "attach_type" : null,
    "attach_feature" : null,
    "allow_stacking" : false,
    "cross_sentence" : false,
    "show_hover" : true,
    "anchoring_mode" : "TOKENS",
    "overlap_mode" : "NO_OVERLAP",
    "validation_mode" : "ALWAYS",
    "lock_to_token_offset" : false,
    "multiple_tokens" : true,
    "project_name" : "LFQA-Economics-Pilot",
    "linked_list_behavior" : false,
    "on_click_javascript_action" : null,
    "traits" : "{\"coloringRules\":{\"rules\":[]}}"
  }, {
    "name" : "de.tudarmstadt.ukp.dkpro.core.api.transform.type.SofaChangeAnnotation",
    "features" : [ {
      "name" : "value",
      "tag_set" : null,
      "uiName" : "Correction",
      "type" : "uima.cas.String",
      "enabled" : true,
      "visible" : true,
      "include_in_hover" : false,
      "required" : false,
      "remember" : false,
      "hideUnconstraintFeature" : false,
      "description" : "Correct this token using the specified operation.",
      "project_name" : "LFQA-Economics-Pilot",
      "multi_value_mode" : "NONE",
      "link_mode" : "NONE",
      "link_type_name" : null,
      "link_type_role_feature_name" : null,
      "link_type_target_feature_name" : null,
      "traits" : null,
      "curatable" : true
    }, {
      "name" : "operation",
      "tag_set" : {
        "name" : "Operation",
        "description" : null,
        "language" : null,
        "tags" : [ ],
        "create_tag" : false
      },
      "uiName" : "Operation",
      "type" : "uima.cas.String",
      "enabled" : true,
      "visible" : false,
      "include_in_hover" : false,
      "required" : true,
      "remember" : false,
      "hideUnconstraintFeature" : false,
      "description" : "An operation taken to change this token.",
      "project_name" : "LFQA-Economics-Pilot",
      "multi_value_mode" : "NONE",
      "link_mode" : "NONE",
      "link_type_name" : null,
      "link_type_role_feature_name" : null,
      "link_type_target_feature_name" : null,
      "traits" : null,
      "curatable" : true
    } ],
    "uiName" : "Orthography Correction",
    "type" : "span",
    "description" : null,
    "enabled" : false,
    "built_in" : true,
    "readonly" : false,
    "attach_type" : null,
    "attach_feature" : null,
    "allow_stacking" : false,
    "cross_sentence" : false,
    "show_hover" : true,
    "anchoring_mode" : "SINGLE_TOKEN",
    "overlap_mode" : "NO_OVERLAP",
    "validation_mode" : "ALWAYS",
    "lock_to_token_offset" : true,
    "multiple_tokens" : false,
    "project_name" : "LFQA-Economics-Pilot",
    "linked_list_behavior" : false,
    "on_click_javascript_action" : null,
    "traits" : "{\"coloringRules\":{\"rules\":[]}}"
  }, {
    "name" : "de.tudarmstadt.ukp.dkpro.core.api.lexmorph.type.pos.POS",
    "features" : [ {
      "name" : "coarseValue",
      "tag_set" : {
        "name" : "UD Universal POS tags (v2)",
        "description" : null,
        "language" : null,
        "tags" : [ ],
        "create_tag" : false
      },
      "uiName" : "UPOS",
      "type" : "uima.cas.String",
      "enabled" : true,
      "visible" : true,
      "include_in_hover" : false,
      "required" : false,
      "remember" : false,
      "hideUnconstraintFeature" : false,
      "description" : "Universal part-of-speech tag",
      "project_name" : "LFQA-Economics-Pilot",
      "multi_value_mode" : "NONE",
      "link_mode" : "NONE",
      "link_type_name" : null,
      "link_type_role_feature_name" : null,
      "link_type_target_feature_name" : null,
      "traits" : null,
      "curatable" : true
    }, {
      "name" : "PosValue",
      "tag_set" : null,
      "uiName" : "XPOS",
      "type" : "uima.cas.String",
      "enabled" : true,
      "visible" : true,
      "include_in_hover" : false,
      "required" : false,
      "remember" : false,
      "hideUnconstraintFeature" : false,
      "description" : "Language-specific part-of-speech tag",
      "project_name" : "LFQA-Economics-Pilot",
      "multi_value_mode" : "NONE",
      "link_mode" : "NONE",
      "link_type_name" : null,
      "link_type_role_feature_name" : null,
      "link_type_target_feature_name" : null,
      "traits" : null,
      "curatable" : true
    } ],
    "uiName" : "Part of speech",
    "type" : "span",
    "description" : null,
    "enabled" : false,
    "built_in" : true,
    "readonly" : false,
    "attach_type" : {
      "name" : "de.tudarmstadt.ukp.dkpro.core.api.segmentation.type.Token"
    },
    "attach_feature" : {
      "name" : "pos",
      "layer" : "de.tudarmstadt.ukp.dkpro.core.api.segmentation.type.Token"
    },
    "allow_stacking" : false,
    "cross_sentence" : false,
    "show_hover" : true,
    "anchoring_mode" : "SINGLE_TOKEN",
    "overlap_mode" : "NO_OVERLAP",
    "validation_mode" : "ALWAYS",
    "lock_to_token_offset" : true,
    "multiple_tokens" : false,
    "project_name" : "LFQA-Economics-Pilot",
    "linked_list_behavior" : false,
    "on_click_javascript_action" : null,
    "traits" : "{\"coloringRules\":{\"rules\":[]}}"
  }, {
    "name" : "de.tudarmstadt.ukp.dkpro.core.api.semantics.type.SemArg",
    "features" : [ ],
    "uiName" : "SemArg",
    "type" : "span",
    "description" : null,
    "enabled" : false,
    "built_in" : true,
    "readonly" : false,
    "attach_type" : null,
    "attach_feature" : null,
    "allow_stacking" : true,
    "cross_sentence" : false,
    "show_hover" : true,
    "anchoring_mode" : "TOKENS",
    "overlap_mode" : "ANY_OVERLAP",
    "validation_mode" : "ALWAYS",
    "lock_to_token_offset" : false,
    "multiple_tokens" : true,
    "project_name" : "LFQA-Economics-Pilot",
    "linked_list_behavior" : false,
    "on_click_javascript_action" : null,
    "traits" : "{\"coloringRules\":{\"rules\":[]}}"
  }, {
    "name" : "de.tudarmstadt.ukp.dkpro.core.api.semantics.type.SemPred",
    "features" : [ {
      "name" : "arguments",
      "tag_set" : null,
      "uiName" : "arguments",
      "type" : "de.tudarmstadt.ukp.dkpro.core.api.semantics.type.SemArg",
      "enabled" : true,
      "visible" : true,
      "include_in_hover" : false,
      "required" : false,
      "remember" : false,
      "hideUnconstraintFeature" : false,
      "description" : "Arguments of the semantic predicate",
      "project_name" : "LFQA-Economics-Pilot",
      "multi_value_mode" : "ARRAY",
      "link_mode" : "WITH_ROLE",
      "link_type_name" : "de.tudarmstadt.ukp.dkpro.core.api.semantics.type.SemArgLink",
      "link_type_role_feature_name" : "role",
      "link_type_target_feature_name" : "target",
      "traits" : null,
      "curatable" : true
    }, {
      "name" : "category",
      "tag_set" : null,
      "uiName" : "category",
      "type" : "uima.cas.String",
      "enabled" : true,
      "visible" : true,
      "include_in_hover" : false,
      "required" : false,
      "remember" : false,
      "hideUnconstraintFeature" : false,
      "description" : "Category of the semantic predicate, e.g. the frame identifier.",
      "project_name" : "LFQA-Economics-Pilot",
      "multi_value_mode" : "NONE",
      "link_mode" : "NONE",
      "link_type_name" : null,
      "link_type_role_feature_name" : null,
      "link_type_target_feature_name" : null,
      "traits" : null,
      "curatable" : true
    } ],
    "uiName" : "SemPred",
    "type" : "span",
    "description" : null,
    "enabled" : false,
    "built_in" : true,
    "readonly" : false,
    "attach_type" : null,
    "attach_feature" : null,
    "allow_stacking" : true,
    "cross_sentence" : false,
    "show_hover" : true,
    "anchoring_mode" : "TOKENS",
    "overlap_mode" : "ANY_OVERLAP",
    "validation_mode" : "ALWAYS",
    "lock_to_token_offset" : false,
    "multiple_tokens" : true,
    "project_name" : "LFQA-Economics-Pilot",
    "linked_list_behavior" : false,
    "on_click_javascript_action" : null,
    "traits" : "{\"coloringRules\":{\"rules\":[]}}"
  }, {
    "name" : "de.tudarmstadt.ukp.dkpro.core.api.segmentation.type.Sentence",
    "features" : [ ],
    "uiName" : "Sentence",
    "type" : "span",
    "description" : null,
    "enabled" : false,
    "built_in" : true,
    "readonly" : true,
    "attach_type" : null,
    "attach_feature" : null,
    "allow_stacking" : false,
    "cross_sentence" : true,
    "show_hover" : true,
    "anchoring_mode" : "TOKENS",
    "overlap_mode" : "NO_OVERLAP",
    "validation_mode" : "NEVER",
    "lock_to_token_offset" : false,
    "multiple_tokens" : true,
    "project_name" : "LFQA-Economics-Pilot",
    "linked_list_behavior" : false,
    "on_click_javascript_action" : null,
    "traits" : null
  }, {
    "name" : "de.tudarmstadt.ukp.dkpro.core.api.segmentation.type.SurfaceForm",
    "features" : [ {
      "name" : "value",
      "tag_set" : null,
      "uiName" : "Form",
      "type" : "uima.cas.String",
      "enabled" : true,
      "visible" : true,
      "include_in_hover" : false,
      "required" : false,
      "remember" : false,
      "hideUnconstraintFeature" : false,
      "description" : "Original surface text",
      "project_name" : "LFQA-Economics-Pilot",
      "multi_value_mode" : "NONE",
      "link_mode" : "NONE",
      "link_type_name" : null,
      "link_type_role_feature_name" : null,
      "link_type_target_feature_name" : null,
      "traits" : null,
      "curatable" : true
    } ],
    "uiName" : "Surface form",
    "type" : "span",
    "description" : null,
    "enabled" : false,
    "built_in" : true,
    "readonly" : false,
    "attach_type" : null,
    "attach_feature" : null,
    "allow_stacking" : false,
    "cross_sentence" : false,
    "show_hover" : true,
    "anchoring_mode" : "TOKENS",
    "overlap_mode" : "NO_OVERLAP",
    "validation_mode" : "ALWAYS",
    "lock_to_token_offset" : false,
    "multiple_tokens" : true,
    "project_name" : "LFQA-Economics-Pilot",
    "linked_list_behavior" : false,
    "on_click_javascript_action" : null,
    "traits" : "{\"coloringRules\":{\"rules\":[]}}"
  }, {
    "name" : "de.tudarmstadt.ukp.dkpro.core.api.segmentation.type.Token",
    "features" : [ {
      "name" : "lemma",
      "tag_set" : null,
      "uiName" : "lemma",
      "type" : "de.tudarmstadt.ukp.dkpro.core.api.segmentation.type.Lemma",
      "enabled" : true,
      "visible" : true,
      "include_in_hover" : false,
      "required" : false,
      "remember" : false,
      "hideUnconstraintFeature" : false,
      "description" : null,
      "project_name" : "LFQA-Economics-Pilot",
      "multi_value_mode" : "NONE",
      "link_mode" : "NONE",
      "link_type_name" : null,
      "link_type_role_feature_name" : null,
      "link_type_target_feature_name" : null,
      "traits" : null,
      "curatable" : true
    }, {
      "name" : "morph",
      "tag_set" : null,
      "uiName" : "morph",
      "type" : "de.tudarmstadt.ukp.dkpro.core.api.lexmorph.type.morph.MorphologicalFeatures",
      "enabled" : true,
      "visible" : true,
      "include_in_hover" : false,
      "required" : false,
      "remember" : false,
      "hideUnconstraintFeature" : false,
      "description" : null,
      "project_name" : "LFQA-Economics-Pilot",
      "multi_value_mode" : "NONE",
      "link_mode" : "NONE",
      "link_type_name" : null,
      "link_type_role_feature_name" : null,
      "link_type_target_feature_name" : null,
      "traits" : null,
      "curatable" : true
    }, {
      "name" : "pos",
      "tag_set" : null,
      "uiName" : "pos",
      "type" : "de.tudarmstadt.ukp.dkpro.core.api.lexmorph.type.pos.POS",
      "enabled" : true,
      "visible" : true,
      "include_in_hover" : false,
      "required" : false,
      "remember" : false,
      "hideUnconstraintFeature" : false,
      "description" : null,
      "project_name" : "LFQA-Economics-Pilot",
      "multi_value_mode" : "NONE",
      "link_mode" : "NONE",
      "link_type_name" : null,
      "link_type_role_feature_name" : null,
      "link_type_target_feature_name" : null,
      "traits" : null,
      "curatable" : true
    } ],
    "uiName" : "Token",
    "type" : "span",
    "description" : null,
    "enabled" : false,
    "built_in" : true,
    "readonly" : true,
    "attach_type" : null,
    "attach_feature" : null,
    "allow_stacking" : false,
    "cross_sentence" : false,
    "show_hover" : true,
    "anchoring_mode" : "CHARACTERS",
    "overlap_mode" : "NO_OVERLAP",
    "validation_mode" : "NEVER",
    "lock_to_token_offset" : false,
    "multiple_tokens" : false,
    "project_name" : "LFQA-Economics-Pilot",
    "linked_list_behavior" : false,
    "on_click_javascript_action" : null,
    "traits" : null
  } ],
  "disableExport" : false,
  "script_direction" : "LTR",
  "created" : 1670021239000,
  "updated" : 1676704952000,
  "anonymous_curation" : false,
  "default-preferences" : [ {
    "name" : "annotation/editor",
    "traits" : "{\"defaultEditor\":\"lineOrientedBratEditor\"}"
  }, {
    "name" : "annotation/editor/brat/manager",
    "traits" : "{\"changingScriptDirectionAllowed\":false,\"defaultPageSize\":40}"
  }, {
    "name" : "annotation/left-sidebar",
    "traits" : "{\"selectedTab\":\"documentMetadataSidebarFactory\",\"expanded\":true}"
  }, {
    "name" : "annotation/search",
    "traits" : "{\"caseSensitive\":true}"
  } ],
  "knowledge_bases" : [ ],
  "project_invites" : [ {
    "inviteId" : "9usElht1x4UPNaq9KR33mw",
    "userIdPlaceholder" : "Prolific ID",
    "expirationDate" : 1708210800000,
    "invitationText" : null,
    "created" : 1676704853904,
    "updated" : 1676704919288,
    "guestAccessible" : true,
    "askForEMail" : "NOT_ALLOWED",
    "disableOnAnnotationComplete" : true,
    "maxAnnotatorCount" : 200
  } ],
  "external_search" : [ ],
  "curation_workflow" : {
    "id" : 105,
    "project" : {
      "id" : 624,
      "name" : "LFQA-Economics-Pilot",
      "slug" : "lfqa-economics-pilot",
      "description" : "A long-form question answering project to annotate human and model generated answers to access aspects pertaining but not limited to factuality, helpfulness and completeness.",
      "mode" : "annotation",
      "version" : 1,
      "disableExport" : false,
      "scriptDirection" : "LTR",
      "created" : 1670021239000,
      "updated" : 1676704952000,
      "state" : "ANNOTATION_IN_PROGRESS",
      "anonymousCuration" : false
    },
    "mergeStrategy" : "completeAgreementNonStacked",
    "mergeStrategyTraits" : null
  },
  "project_users" : [ {
    "username" : "4Iq-k7H6NBu3ZppAV7aDeQ",
    "uiName" : "6329bf10594fed089a44fdbc",
    "email" : null,
    "enabled" : true,
    "lastLogin" : 1676815962000,
    "created" : 1676811723000,
    "updated" : 1676815962000
  }, {
    "username" : "Qp4YXOnvjo3VVadyDJRMAA",
    "uiName" : "5e7987df47422a5443426cd7",
    "email" : null,
    "enabled" : true,
    "lastLogin" : 1676802222000,
    "created" : 1676714919000,
    "updated" : 1676802222000
  }, {
    "username" : "U4U-HsGbDSjUjGsQYqwzCA",
    "uiName" : "60d0de75282711f66dce1d3c",
    "email" : null,
    "enabled" : true,
    "lastLogin" : 1676802169000,
    "created" : 1676713701000,
    "updated" : 1676802169000
  }, {
    "username" : "uCKTljvJIvpxenurEySxgA",
    "uiName" : "5e904f36cc3d6c355bbf48fa",
    "email" : null,
    "enabled" : true,
    "lastLogin" : 1676816706000,
    "created" : 1676723909000,
    "updated" : 1676816706000
  }, {
    "username" : "wVJYL7EF179jJwARkCi9oQ",
    "uiName" : "test-user",
    "email" : null,
    "enabled" : true,
    "lastLogin" : 1676706581000,
    "created" : 1676706581000,
    "updated" : 1676706581000
  } ],
  "recommenders" : [ ],
  "gazeteers" : [ ],
  "workload_manager" : {
    "traits" : null,
    "type" : "matrix"
  },
  "user-preferences" : [ {
    "name" : "annotation/left-sidebar",
    "traits" : "{\"selectedTab\":\"documentMetadataSidebarFactory\",\"expanded\":true}",
    "user" : "rachneet"
  }, {
    "name" : "annotation/left-sidebar",
    "traits" : "{\"selectedTab\":\"documentMetadataSidebarFactory\",\"expanded\":true}",
    "user" : "yixiao"
  }, {
    "name" : "annotation/left-sidebar",
    "traits" : "{\"selectedTab\":\"documentMetadataSidebarFactory\",\"expanded\":false}",
    "user" : "U4U-HsGbDSjUjGsQYqwzCA"
  }, {
    "name" : "annotation/left-sidebar",
    "traits" : "{\"selectedTab\":\"documentMetadataSidebarFactory\",\"expanded\":true}",
    "user" : "Qp4YXOnvjo3VVadyDJRMAA"
  }, {
    "name" : "annotation/left-sidebar",
    "traits" : "{\"selectedTab\":\"diamSidebarFactory\",\"expanded\":true}",
    "user" : "4Iq-k7H6NBu3ZppAV7aDeQ"
  }, {
    "name" : "annotation/left-sidebar",
    "traits" : "{\"selectedTab\":\"documentMetadataSidebarFactory\",\"expanded\":true}",
    "user" : "uCKTljvJIvpxenurEySxgA"
  } ]
}