{
  "name" : "LFQA-Biology-Pilot",
  "slug" : null,
  "description" : "A long-form question answering project to annotate human and model generated answers to access aspects pertaining but not limited to factuality, helpfulness and completeness.",
  "mode" : "ANNOTATION",
  "version" : 1,
  "source_documents" : [ {
    "name" : "002f17b4-03d2-4c65-8c4f-1e043827cba0.txt",
    "format" : "text",
    "state" : "ANNOTATION_IN_PROGRESS",
    "timestamp" : null,
    "created" : 1676587451000,
    "updated" : 1676587508000
  }, {
    "name" : "0a4b5f78-07b5-499a-af83-cb763bb13410.txt",
    "format" : "text",
    "state" : "ANNOTATION_IN_PROGRESS",
    "timestamp" : null,
    "created" : 1676587450000,
    "updated" : 1676587527000
  }, {
    "name" : "0b32c643-a4b5-4c23-adaf-c9b3a862e172.txt",
    "format" : "text",
    "state" : "ANNOTATION_IN_PROGRESS",
    "timestamp" : null,
    "created" : 1676587451000,
    "updated" : 1676587529000
  }, {
    "name" : "0d1ae916-44aa-400d-b96d-2906d73e3ce4.txt",
    "format" : "text",
    "state" : "ANNOTATION_IN_PROGRESS",
    "timestamp" : null,
    "created" : 1676587451000,
    "updated" : 1676587531000
  }, {
    "name" : "0d1ede50-9c02-4b2d-bc9b-1778e72a2460.txt",
    "format" : "text",
    "state" : "ANNOTATION_IN_PROGRESS",
    "timestamp" : null,
    "created" : 1676587451000,
    "updated" : 1676587534000
  }, {
    "name" : "1a743fa5-9381-41c4-91be-6d8c41354cca.txt",
    "format" : "text",
    "state" : "ANNOTATION_IN_PROGRESS",
    "timestamp" : null,
    "created" : 1676587451000,
    "updated" : 1676587537000
  }, {
    "name" : "1c96cc73-b070-4e79-bc0b-14598cebf907.txt",
    "format" : "text",
    "state" : "ANNOTATION_IN_PROGRESS",
    "timestamp" : null,
    "created" : 1676587451000,
    "updated" : 1676587538000
  }, {
    "name" : "1d8725fa-d988-4eb4-a5f4-c511e1236477.txt",
    "format" : "text",
    "state" : "ANNOTATION_IN_PROGRESS",
    "timestamp" : null,
    "created" : 1676587451000,
    "updated" : 1676587539000
  }, {
    "name" : "3afaa559-2ec3-46ae-8f4d-ff37132afae9.txt",
    "format" : "text",
    "state" : "ANNOTATION_IN_PROGRESS",
    "timestamp" : null,
    "created" : 1676587451000,
    "updated" : 1676587540000
  }, {
    "name" : "5a1618ce-1ff8-4a99-9207-9bbd4a3f0c18.txt",
    "format" : "text",
    "state" : "ANNOTATION_IN_PROGRESS",
    "timestamp" : null,
    "created" : 1676587451000,
    "updated" : 1676587541000
  }, {
    "name" : "completion.txt",
    "format" : "text",
    "state" : "ANNOTATION_IN_PROGRESS",
    "timestamp" : null,
    "created" : 1676589689000,
    "updated" : 1676589709000
  } ],
  "annotation_documents" : [ {
    "name" : "002f17b4-03d2-4c65-8c4f-1e043827cba0.txt",
    "user" : "rachneet",
    "state" : "IN_PROGRESS",
    "timestamp" : 1676587508000,
    "annotatorState" : "IN_PROGRESS",
    "annotatorComment" : null,
    "sentence_accessed" : 0,
    "created" : 1676587508000,
    "updated" : 1676587508000
  }, {
    "name" : "0a4b5f78-07b5-499a-af83-cb763bb13410.txt",
    "user" : "rachneet",
    "state" : "IN_PROGRESS",
    "timestamp" : 1676587527000,
    "annotatorState" : "IN_PROGRESS",
    "annotatorComment" : null,
    "sentence_accessed" : 0,
    "created" : 1676587527000,
    "updated" : 1676587527000
  }, {
    "name" : "0b32c643-a4b5-4c23-adaf-c9b3a862e172.txt",
    "user" : "rachneet",
    "state" : "IN_PROGRESS",
    "timestamp" : 1676587529000,
    "annotatorState" : "IN_PROGRESS",
    "annotatorComment" : null,
    "sentence_accessed" : 0,
    "created" : 1676587529000,
    "updated" : 1676587529000
  }, {
    "name" : "0d1ae916-44aa-400d-b96d-2906d73e3ce4.txt",
    "user" : "rachneet",
    "state" : "IN_PROGRESS",
    "timestamp" : 1676587531000,
    "annotatorState" : "IN_PROGRESS",
    "annotatorComment" : null,
    "sentence_accessed" : 0,
    "created" : 1676587531000,
    "updated" : 1676587531000
  }, {
    "name" : "0d1ede50-9c02-4b2d-bc9b-1778e72a2460.txt",
    "user" : "rachneet",
    "state" : "IN_PROGRESS",
    "timestamp" : 1676587534000,
    "annotatorState" : "IN_PROGRESS",
    "annotatorComment" : null,
    "sentence_accessed" : 0,
    "created" : 1676587534000,
    "updated" : 1676587534000
  }, {
    "name" : "1a743fa5-9381-41c4-91be-6d8c41354cca.txt",
    "user" : "rachneet",
    "state" : "IN_PROGRESS",
    "timestamp" : 1676587537000,
    "annotatorState" : "IN_PROGRESS",
    "annotatorComment" : null,
    "sentence_accessed" : 0,
    "created" : 1676587537000,
    "updated" : 1676587537000
  }, {
    "name" : "1c96cc73-b070-4e79-bc0b-14598cebf907.txt",
    "user" : "rachneet",
    "state" : "IN_PROGRESS",
    "timestamp" : 1676587538000,
    "annotatorState" : "IN_PROGRESS",
    "annotatorComment" : null,
    "sentence_accessed" : 0,
    "created" : 1676587538000,
    "updated" : 1676587538000
  }, {
    "name" : "1d8725fa-d988-4eb4-a5f4-c511e1236477.txt",
    "user" : "rachneet",
    "state" : "IN_PROGRESS",
    "timestamp" : 1676587539000,
    "annotatorState" : "IN_PROGRESS",
    "annotatorComment" : null,
    "sentence_accessed" : 0,
    "created" : 1676587539000,
    "updated" : 1676587539000
  }, {
    "name" : "3afaa559-2ec3-46ae-8f4d-ff37132afae9.txt",
    "user" : "rachneet",
    "state" : "IN_PROGRESS",
    "timestamp" : 1676587540000,
    "annotatorState" : "IN_PROGRESS",
    "annotatorComment" : null,
    "sentence_accessed" : 0,
    "created" : 1676587540000,
    "updated" : 1676587540000
  }, {
    "name" : "5a1618ce-1ff8-4a99-9207-9bbd4a3f0c18.txt",
    "user" : "rachneet",
    "state" : "IN_PROGRESS",
    "timestamp" : 1676587541000,
    "annotatorState" : "IN_PROGRESS",
    "annotatorComment" : null,
    "sentence_accessed" : 0,
    "created" : 1676587541000,
    "updated" : 1676587541000
  }, {
    "name" : "completion.txt",
    "user" : "rachneet",
    "state" : "IN_PROGRESS",
    "timestamp" : 1676589709000,
    "annotatorState" : "IN_PROGRESS",
    "annotatorComment" : null,
    "sentence_accessed" : 0,
    "created" : 1676589709000,
    "updated" : 1676589709000
  }, {
    "name" : "002f17b4-03d2-4c65-8c4f-1e043827cba0.txt",
    "user" : "C2fwYBJPFxDTVMUGDF2jeA",
    "state" : "IN_PROGRESS",
    "timestamp" : 1676596624000,
    "annotatorState" : "IN_PROGRESS",
    "annotatorComment" : null,
    "sentence_accessed" : 0,
    "created" : 1676595889000,
    "updated" : 1676596624000
  }, {
    "name" : "0a4b5f78-07b5-499a-af83-cb763bb13410.txt",
    "user" : "C2fwYBJPFxDTVMUGDF2jeA",
    "state" : "IN_PROGRESS",
    "timestamp" : 1676596733000,
    "annotatorState" : "IN_PROGRESS",
    "annotatorComment" : null,
    "sentence_accessed" : 0,
    "created" : 1676596644000,
    "updated" : 1676596733000
  }, {
    "name" : "002f17b4-03d2-4c65-8c4f-1e043827cba0.txt",
    "user" : "LoNkrs9qVmKDfv-PNoBuhg",
    "state" : "IN_PROGRESS",
    "timestamp" : 1676611616000,
    "annotatorState" : "IN_PROGRESS",
    "annotatorComment" : null,
    "sentence_accessed" : 0,
    "created" : 1676608982000,
    "updated" : 1676611616000
  }, {
    "name" : "0a4b5f78-07b5-499a-af83-cb763bb13410.txt",
    "user" : "LoNkrs9qVmKDfv-PNoBuhg",
    "state" : "IN_PROGRESS",
    "timestamp" : 1676613526000,
    "annotatorState" : "IN_PROGRESS",
    "annotatorComment" : null,
    "sentence_accessed" : 0,
    "created" : 1676611624000,
    "updated" : 1676613526000
  }, {
    "name" : "0b32c643-a4b5-4c23-adaf-c9b3a862e172.txt",
    "user" : "LoNkrs9qVmKDfv-PNoBuhg",
    "state" : "IN_PROGRESS",
    "timestamp" : 1676615284000,
    "annotatorState" : "IN_PROGRESS",
    "annotatorComment" : null,
    "sentence_accessed" : 0,
    "created" : 1676613585000,
    "updated" : 1676615284000
  }, {
    "name" : "0d1ae916-44aa-400d-b96d-2906d73e3ce4.txt",
    "user" : "LoNkrs9qVmKDfv-PNoBuhg",
    "state" : "IN_PROGRESS",
    "timestamp" : 1676615661000,
    "annotatorState" : "IN_PROGRESS",
    "annotatorComment" : null,
    "sentence_accessed" : 0,
    "created" : 1676615284000,
    "updated" : 1676615661000
  }, {
    "name" : "0d1ede50-9c02-4b2d-bc9b-1778e72a2460.txt",
    "user" : "LoNkrs9qVmKDfv-PNoBuhg",
    "state" : "IN_PROGRESS",
    "timestamp" : 1676615677000,
    "annotatorState" : "IN_PROGRESS",
    "annotatorComment" : null,
    "sentence_accessed" : 0,
    "created" : 1676615677000,
    "updated" : 1676615677000
  }, {
    "name" : "002f17b4-03d2-4c65-8c4f-1e043827cba0.txt",
    "user" : "2jNidsKb1HFHaargYQTSJQ",
    "state" : "IN_PROGRESS",
    "timestamp" : 1676626317000,
    "annotatorState" : "IN_PROGRESS",
    "annotatorComment" : null,
    "sentence_accessed" : 0,
    "created" : 1676626140000,
    "updated" : 1676671667000
  }, {
    "name" : "0a4b5f78-07b5-499a-af83-cb763bb13410.txt",
    "user" : "2jNidsKb1HFHaargYQTSJQ",
    "state" : "IN_PROGRESS",
    "timestamp" : 1676626347000,
    "annotatorState" : "IN_PROGRESS",
    "annotatorComment" : null,
    "sentence_accessed" : 0,
    "created" : 1676626317000,
    "updated" : 1676671672000
  }, {
    "name" : "0b32c643-a4b5-4c23-adaf-c9b3a862e172.txt",
    "user" : "2jNidsKb1HFHaargYQTSJQ",
    "state" : "IN_PROGRESS",
    "timestamp" : 1676626387000,
    "annotatorState" : "IN_PROGRESS",
    "annotatorComment" : null,
    "sentence_accessed" : 0,
    "created" : 1676626349000,
    "updated" : 1676626387000
  }, {
    "name" : "0d1ae916-44aa-400d-b96d-2906d73e3ce4.txt",
    "user" : "2jNidsKb1HFHaargYQTSJQ",
    "state" : "IN_PROGRESS",
    "timestamp" : 1676626493000,
    "annotatorState" : "IN_PROGRESS",
    "annotatorComment" : null,
    "sentence_accessed" : 0,
    "created" : 1676626389000,
    "updated" : 1676671675000
  }, {
    "name" : "0d1ede50-9c02-4b2d-bc9b-1778e72a2460.txt",
    "user" : "2jNidsKb1HFHaargYQTSJQ",
    "state" : "IN_PROGRESS",
    "timestamp" : 1676626582000,
    "annotatorState" : "IN_PROGRESS",
    "annotatorComment" : null,
    "sentence_accessed" : 0,
    "created" : 1676626509000,
    "updated" : 1676671679000
  }, {
    "name" : "1a743fa5-9381-41c4-91be-6d8c41354cca.txt",
    "user" : "2jNidsKb1HFHaargYQTSJQ",
    "state" : "IN_PROGRESS",
    "timestamp" : 1676626649000,
    "annotatorState" : "IN_PROGRESS",
    "annotatorComment" : null,
    "sentence_accessed" : 0,
    "created" : 1676626582000,
    "updated" : 1676626649000
  }, {
    "name" : "1c96cc73-b070-4e79-bc0b-14598cebf907.txt",
    "user" : "2jNidsKb1HFHaargYQTSJQ",
    "state" : "IN_PROGRESS",
    "timestamp" : 1676626739000,
    "annotatorState" : "IN_PROGRESS",
    "annotatorComment" : null,
    "sentence_accessed" : 0,
    "created" : 1676626650000,
    "updated" : 1676626739000
  }, {
    "name" : "1d8725fa-d988-4eb4-a5f4-c511e1236477.txt",
    "user" : "2jNidsKb1HFHaargYQTSJQ",
    "state" : "IN_PROGRESS",
    "timestamp" : 1676626841000,
    "annotatorState" : "IN_PROGRESS",
    "annotatorComment" : null,
    "sentence_accessed" : 0,
    "created" : 1676626742000,
    "updated" : 1676626841000
  }, {
    "name" : "3afaa559-2ec3-46ae-8f4d-ff37132afae9.txt",
    "user" : "2jNidsKb1HFHaargYQTSJQ",
    "state" : "IN_PROGRESS",
    "timestamp" : 1676626985000,
    "annotatorState" : "IN_PROGRESS",
    "annotatorComment" : null,
    "sentence_accessed" : 0,
    "created" : 1676626845000,
    "updated" : 1676626985000
  }, {
    "name" : "5a1618ce-1ff8-4a99-9207-9bbd4a3f0c18.txt",
    "user" : "2jNidsKb1HFHaargYQTSJQ",
    "state" : "IN_PROGRESS",
    "timestamp" : 1676627096000,
    "annotatorState" : "IN_PROGRESS",
    "annotatorComment" : null,
    "sentence_accessed" : 0,
    "created" : 1676626985000,
    "updated" : 1676627096000
  }, {
    "name" : "completion.txt",
    "user" : "2jNidsKb1HFHaargYQTSJQ",
    "state" : "IN_PROGRESS",
    "timestamp" : 1676628168000,
    "annotatorState" : "IN_PROGRESS",
    "annotatorComment" : null,
    "sentence_accessed" : 0,
    "created" : 1676627103000,
    "updated" : 1676628168000
  }, {
    "name" : "0b32c643-a4b5-4c23-adaf-c9b3a862e172.txt",
    "user" : "C2fwYBJPFxDTVMUGDF2jeA",
    "state" : "IN_PROGRESS",
    "timestamp" : 1676704041000,
    "annotatorState" : "IN_PROGRESS",
    "annotatorComment" : null,
    "sentence_accessed" : 0,
    "created" : 1676704041000,
    "updated" : 1676704041000
  }, {
    "name" : "0d1ae916-44aa-400d-b96d-2906d73e3ce4.txt",
    "user" : "C2fwYBJPFxDTVMUGDF2jeA",
    "state" : "IN_PROGRESS",
    "timestamp" : 1676704043000,
    "annotatorState" : "IN_PROGRESS",
    "annotatorComment" : null,
    "sentence_accessed" : 0,
    "created" : 1676704043000,
    "updated" : 1676704043000
  }, {
    "name" : "0d1ede50-9c02-4b2d-bc9b-1778e72a2460.txt",
    "user" : "C2fwYBJPFxDTVMUGDF2jeA",
    "state" : "IN_PROGRESS",
    "timestamp" : 1676704046000,
    "annotatorState" : "IN_PROGRESS",
    "annotatorComment" : null,
    "sentence_accessed" : 0,
    "created" : 1676704046000,
    "updated" : 1676704046000
  }, {
    "name" : "1a743fa5-9381-41c4-91be-6d8c41354cca.txt",
    "user" : "C2fwYBJPFxDTVMUGDF2jeA",
    "state" : "IN_PROGRESS",
    "timestamp" : 1676704050000,
    "annotatorState" : "IN_PROGRESS",
    "annotatorComment" : null,
    "sentence_accessed" : 0,
    "created" : 1676704050000,
    "updated" : 1676704050000
  }, {
    "name" : "1c96cc73-b070-4e79-bc0b-14598cebf907.txt",
    "user" : "C2fwYBJPFxDTVMUGDF2jeA",
    "state" : "IN_PROGRESS",
    "timestamp" : 1676704052000,
    "annotatorState" : "IN_PROGRESS",
    "annotatorComment" : null,
    "sentence_accessed" : 0,
    "created" : 1676704052000,
    "updated" : 1676704052000
  }, {
    "name" : "1d8725fa-d988-4eb4-a5f4-c511e1236477.txt",
    "user" : "C2fwYBJPFxDTVMUGDF2jeA",
    "state" : "IN_PROGRESS",
    "timestamp" : 1676704053000,
    "annotatorState" : "IN_PROGRESS",
    "annotatorComment" : null,
    "sentence_accessed" : 0,
    "created" : 1676704053000,
    "updated" : 1676704053000
  }, {
    "name" : "3afaa559-2ec3-46ae-8f4d-ff37132afae9.txt",
    "user" : "C2fwYBJPFxDTVMUGDF2jeA",
    "state" : "IN_PROGRESS",
    "timestamp" : 1676704054000,
    "annotatorState" : "IN_PROGRESS",
    "annotatorComment" : null,
    "sentence_accessed" : 0,
    "created" : 1676704054000,
    "updated" : 1676704054000
  }, {
    "name" : "5a1618ce-1ff8-4a99-9207-9bbd4a3f0c18.txt",
    "user" : "C2fwYBJPFxDTVMUGDF2jeA",
    "state" : "IN_PROGRESS",
    "timestamp" : 1676704055000,
    "annotatorState" : "IN_PROGRESS",
    "annotatorComment" : null,
    "sentence_accessed" : 0,
    "created" : 1676704055000,
    "updated" : 1676704055000
  }, {
    "name" : "completion.txt",
    "user" : "C2fwYBJPFxDTVMUGDF2jeA",
    "state" : "IN_PROGRESS",
    "timestamp" : 1676704056000,
    "annotatorState" : "IN_PROGRESS",
    "annotatorComment" : null,
    "sentence_accessed" : 0,
    "created" : 1676704056000,
    "updated" : 1676704056000
  }, {
    "name" : "1a743fa5-9381-41c4-91be-6d8c41354cca.txt",
    "user" : "LoNkrs9qVmKDfv-PNoBuhg",
    "state" : "IN_PROGRESS",
    "timestamp" : 1676704181000,
    "annotatorState" : "IN_PROGRESS",
    "annotatorComment" : null,
    "sentence_accessed" : 0,
    "created" : 1676704181000,
    "updated" : 1676704181000
  }, {
    "name" : "002f17b4-03d2-4c65-8c4f-1e043827cba0.txt",
    "user" : "ALDTHTi6bdUV_PxRqESvew",
    "state" : "IN_PROGRESS",
    "timestamp" : 1676710807000,
    "annotatorState" : "IN_PROGRESS",
    "annotatorComment" : null,
    "sentence_accessed" : 0,
    "created" : 1676709767000,
    "updated" : 1676710807000
  }, {
    "name" : "0a4b5f78-07b5-499a-af83-cb763bb13410.txt",
    "user" : "ALDTHTi6bdUV_PxRqESvew",
    "state" : "IN_PROGRESS",
    "timestamp" : 1676711595000,
    "annotatorState" : "IN_PROGRESS",
    "annotatorComment" : null,
    "sentence_accessed" : 0,
    "created" : 1676710140000,
    "updated" : 1676711595000
  }, {
    "name" : "0b32c643-a4b5-4c23-adaf-c9b3a862e172.txt",
    "user" : "ALDTHTi6bdUV_PxRqESvew",
    "state" : "IN_PROGRESS",
    "timestamp" : 1676715486000,
    "annotatorState" : "IN_PROGRESS",
    "annotatorComment" : null,
    "sentence_accessed" : 0,
    "created" : 1676710145000,
    "updated" : 1676715486000
  }, {
    "name" : "0d1ae916-44aa-400d-b96d-2906d73e3ce4.txt",
    "user" : "ALDTHTi6bdUV_PxRqESvew",
    "state" : "IN_PROGRESS",
    "timestamp" : 1676715366000,
    "annotatorState" : "IN_PROGRESS",
    "annotatorComment" : null,
    "sentence_accessed" : 0,
    "created" : 1676710146000,
    "updated" : 1676715366000
  }, {
    "name" : "0d1ede50-9c02-4b2d-bc9b-1778e72a2460.txt",
    "user" : "ALDTHTi6bdUV_PxRqESvew",
    "state" : "IN_PROGRESS",
    "timestamp" : 1676714338000,
    "annotatorState" : "IN_PROGRESS",
    "annotatorComment" : null,
    "sentence_accessed" : 0,
    "created" : 1676710147000,
    "updated" : 1676714338000
  }, {
    "name" : "1a743fa5-9381-41c4-91be-6d8c41354cca.txt",
    "user" : "ALDTHTi6bdUV_PxRqESvew",
    "state" : "IN_PROGRESS",
    "timestamp" : 1676713942000,
    "annotatorState" : "IN_PROGRESS",
    "annotatorComment" : null,
    "sentence_accessed" : 0,
    "created" : 1676710148000,
    "updated" : 1676713942000
  }, {
    "name" : "1c96cc73-b070-4e79-bc0b-14598cebf907.txt",
    "user" : "ALDTHTi6bdUV_PxRqESvew",
    "state" : "IN_PROGRESS",
    "timestamp" : 1676713472000,
    "annotatorState" : "IN_PROGRESS",
    "annotatorComment" : null,
    "sentence_accessed" : 0,
    "created" : 1676710149000,
    "updated" : 1676713472000
  }, {
    "name" : "1d8725fa-d988-4eb4-a5f4-c511e1236477.txt",
    "user" : "ALDTHTi6bdUV_PxRqESvew",
    "state" : "IN_PROGRESS",
    "timestamp" : 1676713054000,
    "annotatorState" : "IN_PROGRESS",
    "annotatorComment" : null,
    "sentence_accessed" : 0,
    "created" : 1676710150000,
    "updated" : 1676713054000
  }, {
    "name" : "3afaa559-2ec3-46ae-8f4d-ff37132afae9.txt",
    "user" : "ALDTHTi6bdUV_PxRqESvew",
    "state" : "IN_PROGRESS",
    "timestamp" : 1676712620000,
    "annotatorState" : "IN_PROGRESS",
    "annotatorComment" : null,
    "sentence_accessed" : 0,
    "created" : 1676710151000,
    "updated" : 1676712620000
  }, {
    "name" : "5a1618ce-1ff8-4a99-9207-9bbd4a3f0c18.txt",
    "user" : "ALDTHTi6bdUV_PxRqESvew",
    "state" : "IN_PROGRESS",
    "timestamp" : 1676712256000,
    "annotatorState" : "IN_PROGRESS",
    "annotatorComment" : null,
    "sentence_accessed" : 0,
    "created" : 1676710152000,
    "updated" : 1676712256000
  }, {
    "name" : "completion.txt",
    "user" : "ALDTHTi6bdUV_PxRqESvew",
    "state" : "IN_PROGRESS",
    "timestamp" : 1676715529000,
    "annotatorState" : "IN_PROGRESS",
    "annotatorComment" : null,
    "sentence_accessed" : 0,
    "created" : 1676710154000,
    "updated" : 1676715529000
  }, {
    "name" : "002f17b4-03d2-4c65-8c4f-1e043827cba0.txt",
    "user" : "Lb0Fjoihw7EoTiWfJxbELw",
    "state" : "IN_PROGRESS",
    "timestamp" : 1676723810000,
    "annotatorState" : "IN_PROGRESS",
    "annotatorComment" : null,
    "sentence_accessed" : 0,
    "created" : 1676723810000,
    "updated" : 1676723810000
  }, {
    "name" : "002f17b4-03d2-4c65-8c4f-1e043827cba0.txt",
    "user" : "P6KgHWsxLtMJBLeNpyMNaA",
    "state" : "IN_PROGRESS",
    "timestamp" : 1676726160000,
    "annotatorState" : "IN_PROGRESS",
    "annotatorComment" : null,
    "sentence_accessed" : 0,
    "created" : 1676725624000,
    "updated" : 1676726160000
  }, {
    "name" : "002f17b4-03d2-4c65-8c4f-1e043827cba0.txt",
    "user" : "ElEWCTeqc0gwYO7Ze9yW0Q",
    "state" : "IN_PROGRESS",
    "timestamp" : 1676731897000,
    "annotatorState" : "IN_PROGRESS",
    "annotatorComment" : null,
    "sentence_accessed" : 0,
    "created" : 1676730837000,
    "updated" : 1676731897000
  }, {
    "name" : "0a4b5f78-07b5-499a-af83-cb763bb13410.txt",
    "user" : "ElEWCTeqc0gwYO7Ze9yW0Q",
    "state" : "IN_PROGRESS",
    "timestamp" : 1676732523000,
    "annotatorState" : "IN_PROGRESS",
    "annotatorComment" : null,
    "sentence_accessed" : 0,
    "created" : 1676731914000,
    "updated" : 1676732523000
  }, {
    "name" : "0b32c643-a4b5-4c23-adaf-c9b3a862e172.txt",
    "user" : "ElEWCTeqc0gwYO7Ze9yW0Q",
    "state" : "IN_PROGRESS",
    "timestamp" : 1676733051000,
    "annotatorState" : "IN_PROGRESS",
    "annotatorComment" : null,
    "sentence_accessed" : 0,
    "created" : 1676732557000,
    "updated" : 1676733051000
  }, {
    "name" : "0d1ae916-44aa-400d-b96d-2906d73e3ce4.txt",
    "user" : "ElEWCTeqc0gwYO7Ze9yW0Q",
    "state" : "IN_PROGRESS",
    "timestamp" : 1676734908000,
    "annotatorState" : "IN_PROGRESS",
    "annotatorComment" : null,
    "sentence_accessed" : 0,
    "created" : 1676733061000,
    "updated" : 1676734908000
  }, {
    "name" : "5a1618ce-1ff8-4a99-9207-9bbd4a3f0c18.txt",
    "user" : "ElEWCTeqc0gwYO7Ze9yW0Q",
    "state" : "IN_PROGRESS",
    "timestamp" : 1676733683000,
    "annotatorState" : "IN_PROGRESS",
    "annotatorComment" : null,
    "sentence_accessed" : 0,
    "created" : 1676733087000,
    "updated" : 1676733683000
  }, {
    "name" : "3afaa559-2ec3-46ae-8f4d-ff37132afae9.txt",
    "user" : "ElEWCTeqc0gwYO7Ze9yW0Q",
    "state" : "IN_PROGRESS",
    "timestamp" : 1676734292000,
    "annotatorState" : "IN_PROGRESS",
    "annotatorComment" : null,
    "sentence_accessed" : 0,
    "created" : 1676733693000,
    "updated" : 1676734292000
  }, {
    "name" : "002f17b4-03d2-4c65-8c4f-1e043827cba0.txt",
    "user" : "8LS8yDaGJONsTFBqvJ5WLw",
    "state" : "IN_PROGRESS",
    "timestamp" : 1676734656000,
    "annotatorState" : "IN_PROGRESS",
    "annotatorComment" : null,
    "sentence_accessed" : 0,
    "created" : 1676734649000,
    "updated" : 1676734656000
  }, {
    "name" : "1d8725fa-d988-4eb4-a5f4-c511e1236477.txt",
    "user" : "ElEWCTeqc0gwYO7Ze9yW0Q",
    "state" : "IN_PROGRESS",
    "timestamp" : 1676735379000,
    "annotatorState" : "IN_PROGRESS",
    "annotatorComment" : null,
    "sentence_accessed" : 0,
    "created" : 1676734924000,
    "updated" : 1676735379000
  }, {
    "name" : "0d1ede50-9c02-4b2d-bc9b-1778e72a2460.txt",
    "user" : "ElEWCTeqc0gwYO7Ze9yW0Q",
    "state" : "IN_PROGRESS",
    "timestamp" : 1676735765000,
    "annotatorState" : "IN_PROGRESS",
    "annotatorComment" : null,
    "sentence_accessed" : 0,
    "created" : 1676735383000,
    "updated" : 1676735765000
  }, {
    "name" : "1a743fa5-9381-41c4-91be-6d8c41354cca.txt",
    "user" : "ElEWCTeqc0gwYO7Ze9yW0Q",
    "state" : "IN_PROGRESS",
    "timestamp" : 1676736125000,
    "annotatorState" : "IN_PROGRESS",
    "annotatorComment" : null,
    "sentence_accessed" : 0,
    "created" : 1676735770000,
    "updated" : 1676736125000
  }, {
    "name" : "1c96cc73-b070-4e79-bc0b-14598cebf907.txt",
    "user" : "ElEWCTeqc0gwYO7Ze9yW0Q",
    "state" : "IN_PROGRESS",
    "timestamp" : 1676736877000,
    "annotatorState" : "IN_PROGRESS",
    "annotatorComment" : null,
    "sentence_accessed" : 0,
    "created" : 1676736131000,
    "updated" : 1676736877000
  }, {
    "name" : "completion.txt",
    "user" : "ElEWCTeqc0gwYO7Ze9yW0Q",
    "state" : "IN_PROGRESS",
    "timestamp" : 1676736898000,
    "annotatorState" : "IN_PROGRESS",
    "annotatorComment" : null,
    "sentence_accessed" : 0,
    "created" : 1676736886000,
    "updated" : 1676736898000
  }, {
    "name" : "002f17b4-03d2-4c65-8c4f-1e043827cba0.txt",
    "user" : "frFLqX9g5biFUM6tBMAoFA",
    "state" : "FINISHED",
    "timestamp" : 1676741578000,
    "annotatorState" : "FINISHED",
    "annotatorComment" : null,
    "sentence_accessed" : 0,
    "created" : 1676739537000,
    "updated" : 1676741583000
  }, {
    "name" : "0a4b5f78-07b5-499a-af83-cb763bb13410.txt",
    "user" : "frFLqX9g5biFUM6tBMAoFA",
    "state" : "FINISHED",
    "timestamp" : 1676742055000,
    "annotatorState" : "FINISHED",
    "annotatorComment" : null,
    "sentence_accessed" : 0,
    "created" : 1676741623000,
    "updated" : 1676742057000
  }, {
    "name" : "0b32c643-a4b5-4c23-adaf-c9b3a862e172.txt",
    "user" : "frFLqX9g5biFUM6tBMAoFA",
    "state" : "FINISHED",
    "timestamp" : 1676742891000,
    "annotatorState" : "FINISHED",
    "annotatorComment" : null,
    "sentence_accessed" : 0,
    "created" : 1676742064000,
    "updated" : 1676742993000
  }, {
    "name" : "0d1ae916-44aa-400d-b96d-2906d73e3ce4.txt",
    "user" : "frFLqX9g5biFUM6tBMAoFA",
    "state" : "FINISHED",
    "timestamp" : 1676743484000,
    "annotatorState" : "FINISHED",
    "annotatorComment" : null,
    "sentence_accessed" : 0,
    "created" : 1676743004000,
    "updated" : 1676743486000
  }, {
    "name" : "0d1ede50-9c02-4b2d-bc9b-1778e72a2460.txt",
    "user" : "frFLqX9g5biFUM6tBMAoFA",
    "state" : "FINISHED",
    "timestamp" : 1676743986000,
    "annotatorState" : "FINISHED",
    "annotatorComment" : null,
    "sentence_accessed" : 0,
    "created" : 1676743493000,
    "updated" : 1676743988000
  }, {
    "name" : "1a743fa5-9381-41c4-91be-6d8c41354cca.txt",
    "user" : "frFLqX9g5biFUM6tBMAoFA",
    "state" : "FINISHED",
    "timestamp" : 1676744542000,
    "annotatorState" : "FINISHED",
    "annotatorComment" : null,
    "sentence_accessed" : 0,
    "created" : 1676744035000,
    "updated" : 1676744544000
  }, {
    "name" : "1c96cc73-b070-4e79-bc0b-14598cebf907.txt",
    "user" : "frFLqX9g5biFUM6tBMAoFA",
    "state" : "FINISHED",
    "timestamp" : 1676745006000,
    "annotatorState" : "FINISHED",
    "annotatorComment" : null,
    "sentence_accessed" : 0,
    "created" : 1676744551000,
    "updated" : 1676745050000
  }, {
    "name" : "1d8725fa-d988-4eb4-a5f4-c511e1236477.txt",
    "user" : "frFLqX9g5biFUM6tBMAoFA",
    "state" : "FINISHED",
    "timestamp" : 1676745368000,
    "annotatorState" : "FINISHED",
    "annotatorComment" : null,
    "sentence_accessed" : 0,
    "created" : 1676745059000,
    "updated" : 1676745377000
  }, {
    "name" : "3afaa559-2ec3-46ae-8f4d-ff37132afae9.txt",
    "user" : "frFLqX9g5biFUM6tBMAoFA",
    "state" : "FINISHED",
    "timestamp" : 1676745829000,
    "annotatorState" : "FINISHED",
    "annotatorComment" : null,
    "sentence_accessed" : 0,
    "created" : 1676745384000,
    "updated" : 1676745877000
  }, {
    "name" : "5a1618ce-1ff8-4a99-9207-9bbd4a3f0c18.txt",
    "user" : "frFLqX9g5biFUM6tBMAoFA",
    "state" : "FINISHED",
    "timestamp" : 1676746203000,
    "annotatorState" : "FINISHED",
    "annotatorComment" : null,
    "sentence_accessed" : 0,
    "created" : 1676745883000,
    "updated" : 1676746205000
  }, {
    "name" : "completion.txt",
    "user" : "frFLqX9g5biFUM6tBMAoFA",
    "state" : "IN_PROGRESS",
    "timestamp" : 1676746225000,
    "annotatorState" : "IN_PROGRESS",
    "annotatorComment" : null,
    "sentence_accessed" : 0,
    "created" : 1676746211000,
    "updated" : 1676746225000
  } ],
  "project_permissions" : [ {
    "level" : "USER",
    "user" : "2jNidsKb1HFHaargYQTSJQ"
  }, {
    "level" : "USER",
    "user" : "8LS8yDaGJONsTFBqvJ5WLw"
  }, {
    "level" : "USER",
    "user" : "ALDTHTi6bdUV_PxRqESvew"
  }, {
    "level" : "USER",
    "user" : "C2fwYBJPFxDTVMUGDF2jeA"
  }, {
    "level" : "USER",
    "user" : "dCdQBpyjAFX6VGn-Cc5lOw"
  }, {
    "level" : "USER",
    "user" : "ElEWCTeqc0gwYO7Ze9yW0Q"
  }, {
    "level" : "USER",
    "user" : "faoRXvJjWBfWQtVJbyglYQ"
  }, {
    "level" : "USER",
    "user" : "frFLqX9g5biFUM6tBMAoFA"
  }, {
    "level" : "USER",
    "user" : "Lb0Fjoihw7EoTiWfJxbELw"
  }, {
    "level" : "USER",
    "user" : "LoNkrs9qVmKDfv-PNoBuhg"
  }, {
    "level" : "USER",
    "user" : "P6KgHWsxLtMJBLeNpyMNaA"
  }, {
    "level" : "ADMIN",
    "user" : "rachneet"
  }, {
    "level" : "CURATOR",
    "user" : "rachneet"
  }, {
    "level" : "USER",
    "user" : "rachneet"
  } ],
  "tag_sets" : [ {
    "name" : "Answer completeness",
    "description" : "Whether the answer is complete or not.",
    "language" : null,
    "tags" : [ {
      "tag_name" : "No",
      "tag_description" : "The answer is complete."
    }, {
      "tag_name" : "Yes",
      "tag_description" : "The answer is incomplete."
    } ],
    "create_tag" : false
  }, {
    "name" : "Answer preference",
    "description" : "Choice of preferred answer.",
    "language" : null,
    "tags" : [ {
      "tag_name" : "Answer 1",
      "tag_description" : "The first answer."
    }, {
      "tag_name" : "Answer 2",
      "tag_description" : "The second answer."
    } ],
    "create_tag" : false
  }, {
    "name" : "Coreference mentions",
    "description" : "coreference type annotation",
    "language" : "de",
    "tags" : [ {
      "tag_name" : "nam",
      "tag_description" : "nam"
    } ],
    "create_tag" : false
  }, {
    "name" : "Coreference relations",
    "description" : "coreference relation annotation",
    "language" : "de",
    "tags" : [ {
      "tag_name" : "anaphoric",
      "tag_description" : "anaphoric"
    } ],
    "create_tag" : false
  }, {
    "name" : "Dependency flavors",
    "description" : "Dependency flavors",
    "language" : "mul",
    "tags" : [ {
      "tag_name" : "basic",
      "tag_description" : "basic"
    }, {
      "tag_name" : "enhanced",
      "tag_description" : "enhanced"
    } ],
    "create_tag" : false
  }, {
    "name" : "Named Entity tags",
    "description" : "Named Entity annotation",
    "language" : "de",
    "tags" : [ {
      "tag_name" : "LOC",
      "tag_description" : "Location"
    }, {
      "tag_name" : "LOCderiv",
      "tag_description" : "Location derivative"
    }, {
      "tag_name" : "LOCpart",
      "tag_description" : "Hyphenated part is location"
    }, {
      "tag_name" : "ORG",
      "tag_description" : "Organization"
    }, {
      "tag_name" : "ORGderiv",
      "tag_description" : "Organization derivative"
    }, {
      "tag_name" : "ORGpart",
      "tag_description" : "Hyphenated part is organization"
    }, {
      "tag_name" : "OTH",
      "tag_description" : "Other: Every name that is not a location, person or organisation"
    }, {
      "tag_name" : "OTHderiv",
      "tag_description" : "Other derivative"
    }, {
      "tag_name" : "OTHpart",
      "tag_description" : "Hyphenated part is Other"
    }, {
      "tag_name" : "PER",
      "tag_description" : "Person"
    }, {
      "tag_name" : "PERderiv",
      "tag_description" : "Person derivative"
    }, {
      "tag_name" : "PERpart",
      "tag_description" : "Hyphenated part is person"
    } ],
    "create_tag" : false
  }, {
    "name" : "Operation",
    "description" : "operation to be done with specified in tokenIDs token/tokens in order to correct",
    "language" : "en",
    "tags" : [ {
      "tag_name" : "delete",
      "tag_description" : "delete"
    }, {
      "tag_name" : "insert_after",
      "tag_description" : "insert after"
    }, {
      "tag_name" : "insert_before",
      "tag_description" : "insert before"
    }, {
      "tag_name" : "replace",
      "tag_description" : "replace"
    } ],
    "create_tag" : false
  }, {
    "name" : "UD Universal Dependencies (v2)",
    "description" : "The idea of universal dependencies is to propose a set of universal grammatical relations which can be used with relative fidelity to capture any dependency relation between words in any language. Each dependency relation should be typed with one of the relations in the table below.\r\n\r\nThe following table lists the 37 universal syntactic relations used in UD v2. It is a revised version of the relations originally described in Universal Stanford Dependencies: A cross-linguistic typology (de Marneffe et al. 2014).\r\n\r\n© 2014-2017 Universal Dependencies contributors.\r\n\r\nSee also: https://universaldependencies.org/u/dep/index.html",
    "language" : "mul",
    "tags" : [ {
      "tag_name" : "acl",
      "tag_description" : "clausal modifier of noun (adjectival clause)"
    }, {
      "tag_name" : "advcl",
      "tag_description" : "adverbial clause modifier"
    }, {
      "tag_name" : "advmod",
      "tag_description" : "adverbial modifier"
    }, {
      "tag_name" : "amod",
      "tag_description" : "adjectival modifier"
    }, {
      "tag_name" : "appos",
      "tag_description" : "appositional modifier"
    }, {
      "tag_name" : "aux",
      "tag_description" : "auxiliary"
    }, {
      "tag_name" : "case",
      "tag_description" : "case marking"
    }, {
      "tag_name" : "cc",
      "tag_description" : "coordinating conjunction"
    }, {
      "tag_name" : "ccomp",
      "tag_description" : "clausal complement"
    }, {
      "tag_name" : "clf",
      "tag_description" : "classifier"
    }, {
      "tag_name" : "compound",
      "tag_description" : "compound"
    }, {
      "tag_name" : "conj",
      "tag_description" : "conjunct"
    }, {
      "tag_name" : "cop",
      "tag_description" : "copula"
    }, {
      "tag_name" : "csubj",
      "tag_description" : "clausal subject"
    }, {
      "tag_name" : "dep",
      "tag_description" : "unspecified dependency"
    }, {
      "tag_name" : "det",
      "tag_description" : "determiner"
    }, {
      "tag_name" : "discourse",
      "tag_description" : "discourse element"
    }, {
      "tag_name" : "dislocated",
      "tag_description" : "dislocated elements"
    }, {
      "tag_name" : "expl",
      "tag_description" : "expletive"
    }, {
      "tag_name" : "fixed",
      "tag_description" : "fixed multiword expression"
    }, {
      "tag_name" : "flat",
      "tag_description" : "flat multiword expression"
    }, {
      "tag_name" : "goeswith",
      "tag_description" : "goes with"
    }, {
      "tag_name" : "iobj",
      "tag_description" : "indirect object"
    }, {
      "tag_name" : "list",
      "tag_description" : "list"
    }, {
      "tag_name" : "mark",
      "tag_description" : "marker"
    }, {
      "tag_name" : "nmod",
      "tag_description" : "nominal modifier"
    }, {
      "tag_name" : "nsubj",
      "tag_description" : "nominal subject"
    }, {
      "tag_name" : "nummod",
      "tag_description" : "numeric modifier"
    }, {
      "tag_name" : "obj",
      "tag_description" : "object"
    }, {
      "tag_name" : "obl",
      "tag_description" : "oblique nominal"
    }, {
      "tag_name" : "orphan",
      "tag_description" : "orphan"
    }, {
      "tag_name" : "parataxis",
      "tag_description" : "parataxis"
    }, {
      "tag_name" : "punct",
      "tag_description" : "punctuation"
    }, {
      "tag_name" : "reparandum",
      "tag_description" : "overridden disfluency"
    }, {
      "tag_name" : "root",
      "tag_description" : "root"
    }, {
      "tag_name" : "vocative",
      "tag_description" : "vocative"
    }, {
      "tag_name" : "xcomp",
      "tag_description" : "open clausal complement"
    } ],
    "create_tag" : false
  }, {
    "name" : "UD Universal POS tags (v2)",
    "description" : "These tags mark the core part-of-speech categories from the Universal Dependencies project. To distinguish additional lexical and grammatical properties of words, use the universal features.\r\n\r\n© 2017 Universal Dependencies contributors\r\n\r\nSee: https://universaldependencies.org/u/pos/index.html",
    "language" : "mul",
    "tags" : [ {
      "tag_name" : "ADJ",
      "tag_description" : "adjective"
    }, {
      "tag_name" : "ADP",
      "tag_description" : "adposition"
    }, {
      "tag_name" : "ADV",
      "tag_description" : "adverb"
    }, {
      "tag_name" : "AUX",
      "tag_description" : "auxiliary"
    }, {
      "tag_name" : "CCONJ",
      "tag_description" : "coordinating conjunction"
    }, {
      "tag_name" : "DET",
      "tag_description" : "determiner"
    }, {
      "tag_name" : "INTJ",
      "tag_description" : "interjection"
    }, {
      "tag_name" : "NOUN",
      "tag_description" : "noun"
    }, {
      "tag_name" : "NUM",
      "tag_description" : "numeral"
    }, {
      "tag_name" : "PART",
      "tag_description" : "particle"
    }, {
      "tag_name" : "PRON",
      "tag_description" : "pronoun"
    }, {
      "tag_name" : "PROPN",
      "tag_description" : "proper noun"
    }, {
      "tag_name" : "PUNCT",
      "tag_description" : "punctuation"
    }, {
      "tag_name" : "SCONJ",
      "tag_description" : "subordinating conjunction"
    }, {
      "tag_name" : "SYM",
      "tag_description" : "symbol"
    }, {
      "tag_name" : "VERB",
      "tag_description" : "verb"
    }, {
      "tag_name" : "X",
      "tag_description" : "other"
    } ],
    "create_tag" : false
  } ],
  "layers" : [ {
    "name" : "webanno.custom.Questionmisconception",
    "features" : [ {
      "name" : "ReasonforfalseassumptionmisconceptionGivereferencesifnecessary",
      "tag_set" : null,
      "uiName" : "Reason for false assumption/misconception.",
      "type" : "uima.cas.String",
      "enabled" : true,
      "visible" : false,
      "include_in_hover" : false,
      "required" : false,
      "remember" : false,
      "hideUnconstraintFeature" : false,
      "description" : "Reason for false assumptions or misconceptions in the question.",
      "project_name" : "LFQA-Biology-Pilot",
      "multi_value_mode" : "NONE",
      "link_mode" : "NONE",
      "link_type_name" : null,
      "link_type_role_feature_name" : null,
      "link_type_target_feature_name" : null,
      "traits" : "{\"multipleRows\":true,\"dynamicSize\":false,\"collapsedRows\":10,\"expandedRows\":10,\"editorType\":\"AUTO\",\"keyBindings\":[]}",
      "curatable" : true
    } ],
    "uiName" : "1. Question misconception",
    "type" : "span",
    "description" : "If the question contains any assumptions or misconceptions.",
    "enabled" : true,
    "built_in" : false,
    "readonly" : false,
    "attach_type" : null,
    "attach_feature" : null,
    "allow_stacking" : true,
    "cross_sentence" : true,
    "show_hover" : true,
    "anchoring_mode" : "TOKENS",
    "overlap_mode" : "ANY_OVERLAP",
    "validation_mode" : "ALWAYS",
    "lock_to_token_offset" : false,
    "multiple_tokens" : true,
    "project_name" : "LFQA-Biology-Pilot",
    "linked_list_behavior" : false,
    "on_click_javascript_action" : null,
    "traits" : "{\"coloringRules\":{\"rules\":[]}}"
  }, {
    "name" : "webanno.custom.Factuality",
    "features" : [ {
      "name" : "Reasonforfactualincorrectness",
      "tag_set" : null,
      "uiName" : "Reason for factual incorrectness.",
      "type" : "uima.cas.String",
      "enabled" : true,
      "visible" : false,
      "include_in_hover" : false,
      "required" : true,
      "remember" : false,
      "hideUnconstraintFeature" : false,
      "description" : "Give reasons why the information is factually incorrect.",
      "project_name" : "LFQA-Biology-Pilot",
      "multi_value_mode" : "NONE",
      "link_mode" : "NONE",
      "link_type_name" : null,
      "link_type_role_feature_name" : null,
      "link_type_target_feature_name" : null,
      "traits" : "{\"multipleRows\":true,\"dynamicSize\":false,\"collapsedRows\":10,\"expandedRows\":10,\"editorType\":\"AUTO\",\"keyBindings\":[]}",
      "curatable" : true
    } ],
    "uiName" : "2. Factuality",
    "type" : "span",
    "description" : "Mark spans of text that are factually incorrect.",
    "enabled" : true,
    "built_in" : false,
    "readonly" : false,
    "attach_type" : null,
    "attach_feature" : null,
    "allow_stacking" : true,
    "cross_sentence" : true,
    "show_hover" : true,
    "anchoring_mode" : "TOKENS",
    "overlap_mode" : "ANY_OVERLAP",
    "validation_mode" : "ALWAYS",
    "lock_to_token_offset" : false,
    "multiple_tokens" : true,
    "project_name" : "LFQA-Biology-Pilot",
    "linked_list_behavior" : false,
    "on_click_javascript_action" : null,
    "traits" : "{\"coloringRules\":{\"rules\":[]}}"
  }, {
    "name" : "webanno.custom.Irrelevant",
    "features" : [ {
      "name" : "Reasonforirrelevance",
      "tag_set" : null,
      "uiName" : "Reason for irrelevance.",
      "type" : "uima.cas.String",
      "enabled" : true,
      "visible" : false,
      "include_in_hover" : false,
      "required" : false,
      "remember" : false,
      "hideUnconstraintFeature" : false,
      "description" : "Give reasons for why the spans are irrelevant in answering the question.",
      "project_name" : "LFQA-Biology-Pilot",
      "multi_value_mode" : "NONE",
      "link_mode" : "NONE",
      "link_type_name" : null,
      "link_type_role_feature_name" : null,
      "link_type_target_feature_name" : null,
      "traits" : "{\"multipleRows\":true,\"dynamicSize\":false,\"collapsedRows\":10,\"expandedRows\":10,\"editorType\":\"AUTO\",\"keyBindings\":[]}",
      "curatable" : true
    } ],
    "uiName" : "3. Irrelevance",
    "type" : "span",
    "description" : "Marks spans in answer that are irrelevant to the answering the question. Removing them should not hurt the answer quality.",
    "enabled" : true,
    "built_in" : false,
    "readonly" : false,
    "attach_type" : null,
    "attach_feature" : null,
    "allow_stacking" : true,
    "cross_sentence" : true,
    "show_hover" : true,
    "anchoring_mode" : "TOKENS",
    "overlap_mode" : "ANY_OVERLAP",
    "validation_mode" : "ALWAYS",
    "lock_to_token_offset" : false,
    "multiple_tokens" : true,
    "project_name" : "LFQA-Biology-Pilot",
    "linked_list_behavior" : false,
    "on_click_javascript_action" : null,
    "traits" : "{\"coloringRules\":{\"rules\":[]}}"
  }, {
    "name" : "webanno.custom.Completeness",
    "features" : [ {
      "name" : "ReasonforIncompleteness",
      "tag_set" : null,
      "uiName" : "Reason for Incompleteness.",
      "type" : "uima.cas.String",
      "enabled" : true,
      "visible" : false,
      "include_in_hover" : false,
      "required" : false,
      "remember" : false,
      "hideUnconstraintFeature" : false,
      "description" : "Give reasons for answer incompleteness.",
      "project_name" : "LFQA-Biology-Pilot",
      "multi_value_mode" : "NONE",
      "link_mode" : "NONE",
      "link_type_name" : null,
      "link_type_role_feature_name" : null,
      "link_type_target_feature_name" : null,
      "traits" : "{\"multipleRows\":true,\"dynamicSize\":false,\"collapsedRows\":10,\"expandedRows\":10,\"editorType\":\"AUTO\",\"keyBindings\":[]}",
      "curatable" : true
    } ],
    "uiName" : "4. Completeness (Question)",
    "type" : "span",
    "description" : "Highlight the sub-part that is not answered in the answer.",
    "enabled" : true,
    "built_in" : false,
    "readonly" : false,
    "attach_type" : null,
    "attach_feature" : null,
    "allow_stacking" : true,
    "cross_sentence" : true,
    "show_hover" : true,
    "anchoring_mode" : "TOKENS",
    "overlap_mode" : "ANY_OVERLAP",
    "validation_mode" : "ALWAYS",
    "lock_to_token_offset" : false,
    "multiple_tokens" : true,
    "project_name" : "LFQA-Biology-Pilot",
    "linked_list_behavior" : false,
    "on_click_javascript_action" : null,
    "traits" : "{\"coloringRules\":{\"rules\":[]}}"
  }, {
    "name" : "webanno.custom.CompletenessAnswer",
    "features" : [ {
      "name" : "ReasonforIncompleteness",
      "tag_set" : null,
      "uiName" : "Reason for Incompleteness.",
      "type" : "uima.cas.String",
      "enabled" : true,
      "visible" : false,
      "include_in_hover" : false,
      "required" : false,
      "remember" : false,
      "hideUnconstraintFeature" : false,
      "description" : "Give reasons for the incompleteness.",
      "project_name" : "LFQA-Biology-Pilot",
      "multi_value_mode" : "NONE",
      "link_mode" : "NONE",
      "link_type_name" : null,
      "link_type_role_feature_name" : null,
      "link_type_target_feature_name" : null,
      "traits" : "{\"multipleRows\":true,\"dynamicSize\":false,\"collapsedRows\":10,\"expandedRows\":10,\"editorType\":\"AUTO\",\"keyBindings\":[]}",
      "curatable" : true
    } ],
    "uiName" : "5. Completeness (Answer)",
    "type" : "span",
    "description" : "Check if the answer is comprehensive and includes all necessary information to answer the question.",
    "enabled" : true,
    "built_in" : false,
    "readonly" : false,
    "attach_type" : null,
    "attach_feature" : null,
    "allow_stacking" : true,
    "cross_sentence" : true,
    "show_hover" : true,
    "anchoring_mode" : "TOKENS",
    "overlap_mode" : "ANY_OVERLAP",
    "validation_mode" : "ALWAYS",
    "lock_to_token_offset" : false,
    "multiple_tokens" : true,
    "project_name" : "LFQA-Biology-Pilot",
    "linked_list_behavior" : false,
    "on_click_javascript_action" : null,
    "traits" : "{\"coloringRules\":{\"rules\":[]}}"
  }, {
    "name" : "webanno.custom.References",
    "features" : [ {
      "name" : "Isithelpful",
      "tag_set" : null,
      "uiName" : "Is it helpful?",
      "type" : "uima.cas.Boolean",
      "enabled" : true,
      "visible" : false,
      "include_in_hover" : false,
      "required" : true,
      "remember" : false,
      "hideUnconstraintFeature" : false,
      "description" : "Whether it is helpful or not?",
      "project_name" : "LFQA-Biology-Pilot",
      "multi_value_mode" : "NONE",
      "link_mode" : "NONE",
      "link_type_name" : null,
      "link_type_role_feature_name" : null,
      "link_type_target_feature_name" : null,
      "traits" : null,
      "curatable" : true
    }, {
      "name" : "Reasonforhelpfulness",
      "tag_set" : null,
      "uiName" : "Reason for un/helpfulness.",
      "type" : "uima.cas.String",
      "enabled" : true,
      "visible" : false,
      "include_in_hover" : false,
      "required" : false,
      "remember" : false,
      "hideUnconstraintFeature" : false,
      "description" : "Give reasons for the helpfulness of references in the answer.",
      "project_name" : "LFQA-Biology-Pilot",
      "multi_value_mode" : "NONE",
      "link_mode" : "NONE",
      "link_type_name" : null,
      "link_type_role_feature_name" : null,
      "link_type_target_feature_name" : null,
      "traits" : "{\"multipleRows\":true,\"dynamicSize\":false,\"collapsedRows\":10,\"expandedRows\":10,\"editorType\":\"AUTO\",\"keyBindings\":[]}",
      "curatable" : true
    } ],
    "uiName" : "6. Reference/Example",
    "type" : "span",
    "description" : "Mark references and examples in the answer.",
    "enabled" : true,
    "built_in" : false,
    "readonly" : false,
    "attach_type" : null,
    "attach_feature" : null,
    "allow_stacking" : true,
    "cross_sentence" : true,
    "show_hover" : true,
    "anchoring_mode" : "TOKENS",
    "overlap_mode" : "ANY_OVERLAP",
    "validation_mode" : "ALWAYS",
    "lock_to_token_offset" : false,
    "multiple_tokens" : true,
    "project_name" : "LFQA-Biology-Pilot",
    "linked_list_behavior" : false,
    "on_click_javascript_action" : null,
    "traits" : "{\"coloringRules\":{\"rules\":[]}}"
  }, {
    "name" : "webanno.custom.Hardtounderstand",
    "features" : [ {
      "name" : "Reasonfordifficulty",
      "tag_set" : null,
      "uiName" : "Reason for difficulty",
      "type" : "uima.cas.String",
      "enabled" : true,
      "visible" : false,
      "include_in_hover" : false,
      "required" : false,
      "remember" : false,
      "hideUnconstraintFeature" : false,
      "description" : "Give reasons to explain why the text is hard to interpret.",
      "project_name" : "LFQA-Biology-Pilot",
      "multi_value_mode" : "NONE",
      "link_mode" : "NONE",
      "link_type_name" : null,
      "link_type_role_feature_name" : null,
      "link_type_target_feature_name" : null,
      "traits" : "{\"multipleRows\":true,\"dynamicSize\":false,\"collapsedRows\":10,\"expandedRows\":10,\"editorType\":\"AUTO\",\"keyBindings\":[]}",
      "curatable" : true
    } ],
    "uiName" : "7. Hard to understand",
    "type" : "span",
    "description" : "Mark spans of text that cause difficulty in understanding, for example, a part of text that they have to reread to understand.",
    "enabled" : true,
    "built_in" : false,
    "readonly" : false,
    "attach_type" : null,
    "attach_feature" : null,
    "allow_stacking" : true,
    "cross_sentence" : true,
    "show_hover" : true,
    "anchoring_mode" : "TOKENS",
    "overlap_mode" : "ANY_OVERLAP",
    "validation_mode" : "ALWAYS",
    "lock_to_token_offset" : false,
    "multiple_tokens" : true,
    "project_name" : "LFQA-Biology-Pilot",
    "linked_list_behavior" : false,
    "on_click_javascript_action" : null,
    "traits" : "{\"coloringRules\":{\"rules\":[]}}"
  }, {
    "name" : "webanno.custom.Answerpreferencev1",
    "features" : [ {
      "name" : "preference",
      "tag_set" : {
        "name" : "Answer preference",
        "description" : null,
        "language" : null,
        "tags" : [ ],
        "create_tag" : false
      },
      "uiName" : "Preference",
      "type" : "uima.cas.String",
      "enabled" : true,
      "visible" : true,
      "include_in_hover" : false,
      "required" : false,
      "remember" : false,
      "hideUnconstraintFeature" : false,
      "description" : null,
      "project_name" : "LFQA-Biology-Pilot",
      "multi_value_mode" : "NONE",
      "link_mode" : "NONE",
      "link_type_name" : null,
      "link_type_role_feature_name" : null,
      "link_type_target_feature_name" : null,
      "traits" : "{\"multipleRows\":false,\"dynamicSize\":false,\"collapsedRows\":1,\"expandedRows\":1,\"editorType\":\"AUTO\",\"keyBindings\":[]}",
      "curatable" : true
    }, {
      "name" : "Reason",
      "tag_set" : null,
      "uiName" : "Reason for preference",
      "type" : "uima.cas.String",
      "enabled" : true,
      "visible" : true,
      "include_in_hover" : false,
      "required" : false,
      "remember" : false,
      "hideUnconstraintFeature" : false,
      "description" : null,
      "project_name" : "LFQA-Biology-Pilot",
      "multi_value_mode" : "NONE",
      "link_mode" : "NONE",
      "link_type_name" : null,
      "link_type_role_feature_name" : null,
      "link_type_target_feature_name" : null,
      "traits" : "{\"multipleRows\":true,\"dynamicSize\":false,\"collapsedRows\":10,\"expandedRows\":10,\"editorType\":\"AUTO\",\"keyBindings\":[]}",
      "curatable" : true
    } ],
    "uiName" : "Answer preference",
    "type" : "document-metadata",
    "description" : "Choose the preferred answer.",
    "enabled" : true,
    "built_in" : false,
    "readonly" : false,
    "attach_type" : null,
    "attach_feature" : null,
    "allow_stacking" : false,
    "cross_sentence" : false,
    "show_hover" : true,
    "anchoring_mode" : "TOKENS",
    "overlap_mode" : "NO_OVERLAP",
    "validation_mode" : "ALWAYS",
    "lock_to_token_offset" : false,
    "multiple_tokens" : true,
    "project_name" : "LFQA-Biology-Pilot",
    "linked_list_behavior" : false,
    "on_click_javascript_action" : null,
    "traits" : "{\"singleton\":true}"
  }, {
    "name" : "de.tudarmstadt.ukp.dkpro.core.api.syntax.type.chunk.Chunk",
    "features" : [ {
      "name" : "chunkValue",
      "tag_set" : null,
      "uiName" : "Tag",
      "type" : "uima.cas.String",
      "enabled" : true,
      "visible" : true,
      "include_in_hover" : false,
      "required" : false,
      "remember" : false,
      "hideUnconstraintFeature" : false,
      "description" : "Chunk tag",
      "project_name" : "LFQA-Biology-Pilot",
      "multi_value_mode" : "NONE",
      "link_mode" : "NONE",
      "link_type_name" : null,
      "link_type_role_feature_name" : null,
      "link_type_target_feature_name" : null,
      "traits" : null,
      "curatable" : true
    } ],
    "uiName" : "Chunk",
    "type" : "span",
    "description" : null,
    "enabled" : false,
    "built_in" : true,
    "readonly" : false,
    "attach_type" : null,
    "attach_feature" : null,
    "allow_stacking" : false,
    "cross_sentence" : false,
    "show_hover" : true,
    "anchoring_mode" : "TOKENS",
    "overlap_mode" : "NO_OVERLAP",
    "validation_mode" : "ALWAYS",
    "lock_to_token_offset" : false,
    "multiple_tokens" : true,
    "project_name" : "LFQA-Biology-Pilot",
    "linked_list_behavior" : false,
    "on_click_javascript_action" : null,
    "traits" : "{\"coloringRules\":{\"rules\":[]}}"
  }, {
    "name" : "de.tudarmstadt.ukp.dkpro.core.api.coref.type.Coreference",
    "features" : [ {
      "name" : "referenceRelation",
      "tag_set" : {
        "name" : "Coreference relations",
        "description" : null,
        "language" : null,
        "tags" : [ ],
        "create_tag" : false
      },
      "uiName" : "referenceRelation",
      "type" : "uima.cas.String",
      "enabled" : true,
      "visible" : true,
      "include_in_hover" : false,
      "required" : false,
      "remember" : false,
      "hideUnconstraintFeature" : false,
      "description" : "Coreference relation",
      "project_name" : "LFQA-Biology-Pilot",
      "multi_value_mode" : "NONE",
      "link_mode" : "NONE",
      "link_type_name" : null,
      "link_type_role_feature_name" : null,
      "link_type_target_feature_name" : null,
      "traits" : null,
      "curatable" : true
    }, {
      "name" : "referenceType",
      "tag_set" : {
        "name" : "Coreference mentions",
        "description" : null,
        "language" : null,
        "tags" : [ ],
        "create_tag" : false
      },
      "uiName" : "referenceType",
      "type" : "uima.cas.String",
      "enabled" : true,
      "visible" : true,
      "include_in_hover" : false,
      "required" : false,
      "remember" : false,
      "hideUnconstraintFeature" : false,
      "description" : "Coreference type",
      "project_name" : "LFQA-Biology-Pilot",
      "multi_value_mode" : "NONE",
      "link_mode" : "NONE",
      "link_type_name" : null,
      "link_type_role_feature_name" : null,
      "link_type_target_feature_name" : null,
      "traits" : null,
      "curatable" : true
    } ],
    "uiName" : "Coreference",
    "type" : "chain",
    "description" : null,
    "enabled" : false,
    "built_in" : true,
    "readonly" : false,
    "attach_type" : null,
    "attach_feature" : null,
    "allow_stacking" : true,
    "cross_sentence" : true,
    "show_hover" : true,
    "anchoring_mode" : "TOKENS",
    "overlap_mode" : "ANY_OVERLAP",
    "validation_mode" : "ALWAYS",
    "lock_to_token_offset" : false,
    "multiple_tokens" : true,
    "project_name" : "LFQA-Biology-Pilot",
    "linked_list_behavior" : false,
    "on_click_javascript_action" : null,
    "traits" : "{}"
  }, {
    "name" : "de.tudarmstadt.ukp.dkpro.core.api.syntax.type.dependency.Dependency",
    "features" : [ {
      "name" : "flavor",
      "tag_set" : {
        "name" : "Dependency flavors",
        "description" : null,
        "language" : null,
        "tags" : [ ],
        "create_tag" : false
      },
      "uiName" : "Flavor",
      "type" : "uima.cas.String",
      "enabled" : true,
      "visible" : true,
      "include_in_hover" : false,
      "required" : false,
      "remember" : false,
      "hideUnconstraintFeature" : false,
      "description" : "Dependency relation",
      "project_name" : "LFQA-Biology-Pilot",
      "multi_value_mode" : "NONE",
      "link_mode" : "NONE",
      "link_type_name" : null,
      "link_type_role_feature_name" : null,
      "link_type_target_feature_name" : null,
      "traits" : null,
      "curatable" : true
    }, {
      "name" : "DependencyType",
      "tag_set" : {
        "name" : "UD Universal Dependencies (v2)",
        "description" : null,
        "language" : null,
        "tags" : [ ],
        "create_tag" : false
      },
      "uiName" : "Relation",
      "type" : "uima.cas.String",
      "enabled" : true,
      "visible" : true,
      "include_in_hover" : false,
      "required" : false,
      "remember" : false,
      "hideUnconstraintFeature" : false,
      "description" : "Dependency relation",
      "project_name" : "LFQA-Biology-Pilot",
      "multi_value_mode" : "NONE",
      "link_mode" : "NONE",
      "link_type_name" : null,
      "link_type_role_feature_name" : null,
      "link_type_target_feature_name" : null,
      "traits" : null,
      "curatable" : true
    } ],
    "uiName" : "Dependency",
    "type" : "relation",
    "description" : null,
    "enabled" : false,
    "built_in" : true,
    "readonly" : false,
    "attach_type" : {
      "name" : "de.tudarmstadt.ukp.dkpro.core.api.segmentation.type.Token"
    },
    "attach_feature" : {
      "name" : "pos",
      "layer" : "de.tudarmstadt.ukp.dkpro.core.api.segmentation.type.Token"
    },
    "allow_stacking" : false,
    "cross_sentence" : false,
    "show_hover" : true,
    "anchoring_mode" : "SINGLE_TOKEN",
    "overlap_mode" : "OVERLAP_ONLY",
    "validation_mode" : "ALWAYS",
    "lock_to_token_offset" : true,
    "multiple_tokens" : false,
    "project_name" : "LFQA-Biology-Pilot",
    "linked_list_behavior" : false,
    "on_click_javascript_action" : null,
    "traits" : "{\"coloringRules\":{\"rules\":[]},\"renderArcs\":true}"
  }, {
    "name" : "de.tudarmstadt.ukp.dkpro.core.api.segmentation.type.Lemma",
    "features" : [ {
      "name" : "value",
      "tag_set" : null,
      "uiName" : "Lemma",
      "type" : "uima.cas.String",
      "enabled" : true,
      "visible" : true,
      "include_in_hover" : false,
      "required" : false,
      "remember" : false,
      "hideUnconstraintFeature" : false,
      "description" : "lemma Annotation",
      "project_name" : "LFQA-Biology-Pilot",
      "multi_value_mode" : "NONE",
      "link_mode" : "NONE",
      "link_type_name" : null,
      "link_type_role_feature_name" : null,
      "link_type_target_feature_name" : null,
      "traits" : null,
      "curatable" : true
    } ],
    "uiName" : "Lemma",
    "type" : "span",
    "description" : null,
    "enabled" : false,
    "built_in" : true,
    "readonly" : false,
    "attach_type" : {
      "name" : "de.tudarmstadt.ukp.dkpro.core.api.segmentation.type.Token"
    },
    "attach_feature" : {
      "name" : "lemma",
      "layer" : "de.tudarmstadt.ukp.dkpro.core.api.segmentation.type.Token"
    },
    "allow_stacking" : false,
    "cross_sentence" : false,
    "show_hover" : true,
    "anchoring_mode" : "SINGLE_TOKEN",
    "overlap_mode" : "NO_OVERLAP",
    "validation_mode" : "ALWAYS",
    "lock_to_token_offset" : true,
    "multiple_tokens" : false,
    "project_name" : "LFQA-Biology-Pilot",
    "linked_list_behavior" : false,
    "on_click_javascript_action" : null,
    "traits" : "{\"coloringRules\":{\"rules\":[]}}"
  }, {
    "name" : "de.tudarmstadt.ukp.dkpro.core.api.lexmorph.type.morph.MorphologicalFeatures",
    "features" : [ {
      "name" : "value",
      "tag_set" : null,
      "uiName" : "Features",
      "type" : "uima.cas.String",
      "enabled" : true,
      "visible" : false,
      "include_in_hover" : false,
      "required" : false,
      "remember" : false,
      "hideUnconstraintFeature" : false,
      "description" : "Morphological features",
      "project_name" : "LFQA-Biology-Pilot",
      "multi_value_mode" : "NONE",
      "link_mode" : "NONE",
      "link_type_name" : null,
      "link_type_role_feature_name" : null,
      "link_type_target_feature_name" : null,
      "traits" : null,
      "curatable" : true
    } ],
    "uiName" : "Morphological features",
    "type" : "span",
    "description" : null,
    "enabled" : false,
    "built_in" : true,
    "readonly" : false,
    "attach_type" : {
      "name" : "de.tudarmstadt.ukp.dkpro.core.api.segmentation.type.Token"
    },
    "attach_feature" : {
      "name" : "morph",
      "layer" : "de.tudarmstadt.ukp.dkpro.core.api.segmentation.type.Token"
    },
    "allow_stacking" : false,
    "cross_sentence" : false,
    "show_hover" : true,
    "anchoring_mode" : "SINGLE_TOKEN",
    "overlap_mode" : "NO_OVERLAP",
    "validation_mode" : "ALWAYS",
    "lock_to_token_offset" : true,
    "multiple_tokens" : false,
    "project_name" : "LFQA-Biology-Pilot",
    "linked_list_behavior" : false,
    "on_click_javascript_action" : null,
    "traits" : "{\"coloringRules\":{\"rules\":[]}}"
  }, {
    "name" : "de.tudarmstadt.ukp.dkpro.core.api.ner.type.NamedEntity",
    "features" : [ {
      "name" : "identifier",
      "tag_set" : null,
      "uiName" : "identifier",
      "type" : "kb:<ANY>",
      "enabled" : true,
      "visible" : true,
      "include_in_hover" : false,
      "required" : false,
      "remember" : false,
      "hideUnconstraintFeature" : false,
      "description" : "Linked entity",
      "project_name" : "LFQA-Biology-Pilot",
      "multi_value_mode" : "NONE",
      "link_mode" : "NONE",
      "link_type_name" : null,
      "link_type_role_feature_name" : null,
      "link_type_target_feature_name" : null,
      "traits" : null,
      "curatable" : true
    }, {
      "name" : "value",
      "tag_set" : {
        "name" : "Named Entity tags",
        "description" : null,
        "language" : null,
        "tags" : [ ],
        "create_tag" : false
      },
      "uiName" : "value",
      "type" : "uima.cas.String",
      "enabled" : true,
      "visible" : true,
      "include_in_hover" : false,
      "required" : false,
      "remember" : false,
      "hideUnconstraintFeature" : false,
      "description" : "Named entity type",
      "project_name" : "LFQA-Biology-Pilot",
      "multi_value_mode" : "NONE",
      "link_mode" : "NONE",
      "link_type_name" : null,
      "link_type_role_feature_name" : null,
      "link_type_target_feature_name" : null,
      "traits" : null,
      "curatable" : true
    } ],
    "uiName" : "Named entity",
    "type" : "span",
    "description" : null,
    "enabled" : false,
    "built_in" : true,
    "readonly" : false,
    "attach_type" : null,
    "attach_feature" : null,
    "allow_stacking" : false,
    "cross_sentence" : false,
    "show_hover" : true,
    "anchoring_mode" : "TOKENS",
    "overlap_mode" : "NO_OVERLAP",
    "validation_mode" : "ALWAYS",
    "lock_to_token_offset" : false,
    "multiple_tokens" : true,
    "project_name" : "LFQA-Biology-Pilot",
    "linked_list_behavior" : false,
    "on_click_javascript_action" : null,
    "traits" : "{\"coloringRules\":{\"rules\":[]}}"
  }, {
    "name" : "de.tudarmstadt.ukp.dkpro.core.api.transform.type.SofaChangeAnnotation",
    "features" : [ {
      "name" : "value",
      "tag_set" : null,
      "uiName" : "Correction",
      "type" : "uima.cas.String",
      "enabled" : true,
      "visible" : true,
      "include_in_hover" : false,
      "required" : false,
      "remember" : false,
      "hideUnconstraintFeature" : false,
      "description" : "Correct this token using the specified operation.",
      "project_name" : "LFQA-Biology-Pilot",
      "multi_value_mode" : "NONE",
      "link_mode" : "NONE",
      "link_type_name" : null,
      "link_type_role_feature_name" : null,
      "link_type_target_feature_name" : null,
      "traits" : null,
      "curatable" : true
    }, {
      "name" : "operation",
      "tag_set" : {
        "name" : "Operation",
        "description" : null,
        "language" : null,
        "tags" : [ ],
        "create_tag" : false
      },
      "uiName" : "Operation",
      "type" : "uima.cas.String",
      "enabled" : true,
      "visible" : false,
      "include_in_hover" : false,
      "required" : true,
      "remember" : false,
      "hideUnconstraintFeature" : false,
      "description" : "An operation taken to change this token.",
      "project_name" : "LFQA-Biology-Pilot",
      "multi_value_mode" : "NONE",
      "link_mode" : "NONE",
      "link_type_name" : null,
      "link_type_role_feature_name" : null,
      "link_type_target_feature_name" : null,
      "traits" : null,
      "curatable" : true
    } ],
    "uiName" : "Orthography Correction",
    "type" : "span",
    "description" : null,
    "enabled" : false,
    "built_in" : true,
    "readonly" : false,
    "attach_type" : null,
    "attach_feature" : null,
    "allow_stacking" : false,
    "cross_sentence" : false,
    "show_hover" : true,
    "anchoring_mode" : "SINGLE_TOKEN",
    "overlap_mode" : "NO_OVERLAP",
    "validation_mode" : "ALWAYS",
    "lock_to_token_offset" : true,
    "multiple_tokens" : false,
    "project_name" : "LFQA-Biology-Pilot",
    "linked_list_behavior" : false,
    "on_click_javascript_action" : null,
    "traits" : "{\"coloringRules\":{\"rules\":[]}}"
  }, {
    "name" : "de.tudarmstadt.ukp.dkpro.core.api.lexmorph.type.pos.POS",
    "features" : [ {
      "name" : "coarseValue",
      "tag_set" : {
        "name" : "UD Universal POS tags (v2)",
        "description" : null,
        "language" : null,
        "tags" : [ ],
        "create_tag" : false
      },
      "uiName" : "UPOS",
      "type" : "uima.cas.String",
      "enabled" : true,
      "visible" : true,
      "include_in_hover" : false,
      "required" : false,
      "remember" : false,
      "hideUnconstraintFeature" : false,
      "description" : "Universal part-of-speech tag",
      "project_name" : "LFQA-Biology-Pilot",
      "multi_value_mode" : "NONE",
      "link_mode" : "NONE",
      "link_type_name" : null,
      "link_type_role_feature_name" : null,
      "link_type_target_feature_name" : null,
      "traits" : null,
      "curatable" : true
    }, {
      "name" : "PosValue",
      "tag_set" : null,
      "uiName" : "XPOS",
      "type" : "uima.cas.String",
      "enabled" : true,
      "visible" : true,
      "include_in_hover" : false,
      "required" : false,
      "remember" : false,
      "hideUnconstraintFeature" : false,
      "description" : "Language-specific part-of-speech tag",
      "project_name" : "LFQA-Biology-Pilot",
      "multi_value_mode" : "NONE",
      "link_mode" : "NONE",
      "link_type_name" : null,
      "link_type_role_feature_name" : null,
      "link_type_target_feature_name" : null,
      "traits" : null,
      "curatable" : true
    } ],
    "uiName" : "Part of speech",
    "type" : "span",
    "description" : null,
    "enabled" : false,
    "built_in" : true,
    "readonly" : false,
    "attach_type" : {
      "name" : "de.tudarmstadt.ukp.dkpro.core.api.segmentation.type.Token"
    },
    "attach_feature" : {
      "name" : "pos",
      "layer" : "de.tudarmstadt.ukp.dkpro.core.api.segmentation.type.Token"
    },
    "allow_stacking" : false,
    "cross_sentence" : false,
    "show_hover" : true,
    "anchoring_mode" : "SINGLE_TOKEN",
    "overlap_mode" : "NO_OVERLAP",
    "validation_mode" : "ALWAYS",
    "lock_to_token_offset" : true,
    "multiple_tokens" : false,
    "project_name" : "LFQA-Biology-Pilot",
    "linked_list_behavior" : false,
    "on_click_javascript_action" : null,
    "traits" : "{\"coloringRules\":{\"rules\":[]}}"
  }, {
    "name" : "de.tudarmstadt.ukp.dkpro.core.api.semantics.type.SemArg",
    "features" : [ ],
    "uiName" : "SemArg",
    "type" : "span",
    "description" : null,
    "enabled" : false,
    "built_in" : true,
    "readonly" : false,
    "attach_type" : null,
    "attach_feature" : null,
    "allow_stacking" : true,
    "cross_sentence" : false,
    "show_hover" : true,
    "anchoring_mode" : "TOKENS",
    "overlap_mode" : "ANY_OVERLAP",
    "validation_mode" : "ALWAYS",
    "lock_to_token_offset" : false,
    "multiple_tokens" : true,
    "project_name" : "LFQA-Biology-Pilot",
    "linked_list_behavior" : false,
    "on_click_javascript_action" : null,
    "traits" : "{\"coloringRules\":{\"rules\":[]}}"
  }, {
    "name" : "de.tudarmstadt.ukp.dkpro.core.api.semantics.type.SemPred",
    "features" : [ {
      "name" : "arguments",
      "tag_set" : null,
      "uiName" : "arguments",
      "type" : "de.tudarmstadt.ukp.dkpro.core.api.semantics.type.SemArg",
      "enabled" : true,
      "visible" : true,
      "include_in_hover" : false,
      "required" : false,
      "remember" : false,
      "hideUnconstraintFeature" : false,
      "description" : "Arguments of the semantic predicate",
      "project_name" : "LFQA-Biology-Pilot",
      "multi_value_mode" : "ARRAY",
      "link_mode" : "WITH_ROLE",
      "link_type_name" : "de.tudarmstadt.ukp.dkpro.core.api.semantics.type.SemArgLink",
      "link_type_role_feature_name" : "role",
      "link_type_target_feature_name" : "target",
      "traits" : null,
      "curatable" : true
    }, {
      "name" : "category",
      "tag_set" : null,
      "uiName" : "category",
      "type" : "uima.cas.String",
      "enabled" : true,
      "visible" : true,
      "include_in_hover" : false,
      "required" : false,
      "remember" : false,
      "hideUnconstraintFeature" : false,
      "description" : "Category of the semantic predicate, e.g. the frame identifier.",
      "project_name" : "LFQA-Biology-Pilot",
      "multi_value_mode" : "NONE",
      "link_mode" : "NONE",
      "link_type_name" : null,
      "link_type_role_feature_name" : null,
      "link_type_target_feature_name" : null,
      "traits" : null,
      "curatable" : true
    } ],
    "uiName" : "SemPred",
    "type" : "span",
    "description" : null,
    "enabled" : false,
    "built_in" : true,
    "readonly" : false,
    "attach_type" : null,
    "attach_feature" : null,
    "allow_stacking" : true,
    "cross_sentence" : false,
    "show_hover" : true,
    "anchoring_mode" : "TOKENS",
    "overlap_mode" : "ANY_OVERLAP",
    "validation_mode" : "ALWAYS",
    "lock_to_token_offset" : false,
    "multiple_tokens" : true,
    "project_name" : "LFQA-Biology-Pilot",
    "linked_list_behavior" : false,
    "on_click_javascript_action" : null,
    "traits" : "{\"coloringRules\":{\"rules\":[]}}"
  }, {
    "name" : "de.tudarmstadt.ukp.dkpro.core.api.segmentation.type.Sentence",
    "features" : [ ],
    "uiName" : "Sentence",
    "type" : "span",
    "description" : null,
    "enabled" : false,
    "built_in" : true,
    "readonly" : true,
    "attach_type" : null,
    "attach_feature" : null,
    "allow_stacking" : false,
    "cross_sentence" : true,
    "show_hover" : true,
    "anchoring_mode" : "TOKENS",
    "overlap_mode" : "NO_OVERLAP",
    "validation_mode" : "NEVER",
    "lock_to_token_offset" : false,
    "multiple_tokens" : true,
    "project_name" : "LFQA-Biology-Pilot",
    "linked_list_behavior" : false,
    "on_click_javascript_action" : null,
    "traits" : null
  }, {
    "name" : "de.tudarmstadt.ukp.dkpro.core.api.segmentation.type.SurfaceForm",
    "features" : [ {
      "name" : "value",
      "tag_set" : null,
      "uiName" : "Form",
      "type" : "uima.cas.String",
      "enabled" : true,
      "visible" : true,
      "include_in_hover" : false,
      "required" : false,
      "remember" : false,
      "hideUnconstraintFeature" : false,
      "description" : "Original surface text",
      "project_name" : "LFQA-Biology-Pilot",
      "multi_value_mode" : "NONE",
      "link_mode" : "NONE",
      "link_type_name" : null,
      "link_type_role_feature_name" : null,
      "link_type_target_feature_name" : null,
      "traits" : null,
      "curatable" : true
    } ],
    "uiName" : "Surface form",
    "type" : "span",
    "description" : null,
    "enabled" : false,
    "built_in" : true,
    "readonly" : false,
    "attach_type" : null,
    "attach_feature" : null,
    "allow_stacking" : false,
    "cross_sentence" : false,
    "show_hover" : true,
    "anchoring_mode" : "TOKENS",
    "overlap_mode" : "NO_OVERLAP",
    "validation_mode" : "ALWAYS",
    "lock_to_token_offset" : false,
    "multiple_tokens" : true,
    "project_name" : "LFQA-Biology-Pilot",
    "linked_list_behavior" : false,
    "on_click_javascript_action" : null,
    "traits" : "{\"coloringRules\":{\"rules\":[]}}"
  }, {
    "name" : "de.tudarmstadt.ukp.dkpro.core.api.segmentation.type.Token",
    "features" : [ {
      "name" : "lemma",
      "tag_set" : null,
      "uiName" : "lemma",
      "type" : "de.tudarmstadt.ukp.dkpro.core.api.segmentation.type.Lemma",
      "enabled" : true,
      "visible" : true,
      "include_in_hover" : false,
      "required" : false,
      "remember" : false,
      "hideUnconstraintFeature" : false,
      "description" : null,
      "project_name" : "LFQA-Biology-Pilot",
      "multi_value_mode" : "NONE",
      "link_mode" : "NONE",
      "link_type_name" : null,
      "link_type_role_feature_name" : null,
      "link_type_target_feature_name" : null,
      "traits" : null,
      "curatable" : true
    }, {
      "name" : "morph",
      "tag_set" : null,
      "uiName" : "morph",
      "type" : "de.tudarmstadt.ukp.dkpro.core.api.lexmorph.type.morph.MorphologicalFeatures",
      "enabled" : true,
      "visible" : true,
      "include_in_hover" : false,
      "required" : false,
      "remember" : false,
      "hideUnconstraintFeature" : false,
      "description" : null,
      "project_name" : "LFQA-Biology-Pilot",
      "multi_value_mode" : "NONE",
      "link_mode" : "NONE",
      "link_type_name" : null,
      "link_type_role_feature_name" : null,
      "link_type_target_feature_name" : null,
      "traits" : null,
      "curatable" : true
    }, {
      "name" : "pos",
      "tag_set" : null,
      "uiName" : "pos",
      "type" : "de.tudarmstadt.ukp.dkpro.core.api.lexmorph.type.pos.POS",
      "enabled" : true,
      "visible" : true,
      "include_in_hover" : false,
      "required" : false,
      "remember" : false,
      "hideUnconstraintFeature" : false,
      "description" : null,
      "project_name" : "LFQA-Biology-Pilot",
      "multi_value_mode" : "NONE",
      "link_mode" : "NONE",
      "link_type_name" : null,
      "link_type_role_feature_name" : null,
      "link_type_target_feature_name" : null,
      "traits" : null,
      "curatable" : true
    } ],
    "uiName" : "Token",
    "type" : "span",
    "description" : null,
    "enabled" : false,
    "built_in" : true,
    "readonly" : true,
    "attach_type" : null,
    "attach_feature" : null,
    "allow_stacking" : false,
    "cross_sentence" : false,
    "show_hover" : true,
    "anchoring_mode" : "CHARACTERS",
    "overlap_mode" : "NO_OVERLAP",
    "validation_mode" : "NEVER",
    "lock_to_token_offset" : false,
    "multiple_tokens" : false,
    "project_name" : "LFQA-Biology-Pilot",
    "linked_list_behavior" : false,
    "on_click_javascript_action" : null,
    "traits" : null
  } ],
  "disableExport" : false,
  "script_direction" : "LTR",
  "created" : 1670021239000,
  "updated" : 1676587512000,
  "anonymous_curation" : false,
  "default-preferences" : [ {
    "name" : "annotation/editor",
    "traits" : "{\"defaultEditor\":\"lineOrientedBratEditor\"}"
  }, {
    "name" : "annotation/editor/brat/manager",
    "traits" : "{\"changingScriptDirectionAllowed\":false,\"defaultPageSize\":40}"
  }, {
    "name" : "annotation/left-sidebar",
    "traits" : "{\"selectedTab\":\"documentMetadataSidebarFactory\",\"expanded\":true}"
  }, {
    "name" : "annotation/search",
    "traits" : "{\"caseSensitive\":true}"
  } ],
  "knowledge_bases" : [ ],
  "project_invites" : [ {
    "inviteId" : "CrJFhWRSfaukDzYm6QBpWA",
    "userIdPlaceholder" : null,
    "expirationDate" : 1737068400000,
    "invitationText" : null,
    "created" : 1673947922757,
    "updated" : 1674464204874,
    "guestAccessible" : true,
    "askForEMail" : "NOT_ALLOWED",
    "disableOnAnnotationComplete" : true,
    "maxAnnotatorCount" : 100
  } ],
  "external_search" : [ ],
  "curation_workflow" : {
    "id" : 103,
    "project" : {
      "id" : 621,
      "name" : "LFQA-Biology-Pilot",
      "slug" : "lfqa-bio-pilot-1",
      "description" : "A long-form question answering project to annotate human and model generated answers to access aspects pertaining but not limited to factuality, helpfulness and completeness.",
      "mode" : "annotation",
      "version" : 1,
      "disableExport" : false,
      "scriptDirection" : "LTR",
      "created" : 1670021239000,
      "updated" : 1676587512000,
      "state" : "ANNOTATION_IN_PROGRESS",
      "anonymousCuration" : false
    },
    "mergeStrategy" : "completeAgreementNonStacked",
    "mergeStrategyTraits" : null
  },
  "project_users" : [ {
    "username" : "2jNidsKb1HFHaargYQTSJQ",
    "uiName" : "63d7cad07d34ae109e76326d",
    "email" : null,
    "enabled" : true,
    "lastLogin" : 1676703624000,
    "created" : 1676625253000,
    "updated" : 1676703624000
  }, {
    "username" : "8LS8yDaGJONsTFBqvJ5WLw",
    "uiName" : "60de34c5e8fc4b9fbea92f1c",
    "email" : null,
    "enabled" : true,
    "lastLogin" : 1676734564000,
    "created" : 1676734564000,
    "updated" : 1676734564000
  }, {
    "username" : "ALDTHTi6bdUV_PxRqESvew",
    "uiName" : "63d142821569b5debdfdf1d7",
    "email" : null,
    "enabled" : true,
    "lastLogin" : 1676801953000,
    "created" : 1676709748000,
    "updated" : 1676801953000
  }, {
    "username" : "C2fwYBJPFxDTVMUGDF2jeA",
    "uiName" : "6100d8af2c5681ec07358d0c",
    "email" : null,
    "enabled" : true,
    "lastLogin" : 1676703976000,
    "created" : 1676595729000,
    "updated" : 1676703976000
  }, {
    "username" : "dCdQBpyjAFX6VGn-Cc5lOw",
    "uiName" : "RandomID",
    "email" : null,
    "enabled" : true,
    "lastLogin" : 1674501085000,
    "created" : 1674500978000,
    "updated" : 1674501085000
  }, {
    "username" : "ElEWCTeqc0gwYO7Ze9yW0Q",
    "uiName" : "612bfa26437162073ed2077b",
    "email" : null,
    "enabled" : true,
    "lastLogin" : 1676802004000,
    "created" : 1676730530000,
    "updated" : 1676802004000
  }, {
    "username" : "faoRXvJjWBfWQtVJbyglYQ",
    "uiName" : "637ae6da2c8a92b511c1e8c1",
    "email" : null,
    "enabled" : true,
    "lastLogin" : 1676598511000,
    "created" : 1676598511000,
    "updated" : 1676598511000
  }, {
    "username" : "frFLqX9g5biFUM6tBMAoFA",
    "uiName" : "5ed2bdf295ed8f251d614b21",
    "email" : null,
    "enabled" : true,
    "lastLogin" : 1676801857000,
    "created" : 1676739279000,
    "updated" : 1676801857000
  }, {
    "username" : "Lb0Fjoihw7EoTiWfJxbELw",
    "uiName" : "5f612fe73bb6c60afeafb0e9",
    "email" : null,
    "enabled" : true,
    "lastLogin" : 1676723795000,
    "created" : 1676723795000,
    "updated" : 1676723795000
  }, {
    "username" : "LoNkrs9qVmKDfv-PNoBuhg",
    "uiName" : "63d07155a81baf5108925992",
    "email" : null,
    "enabled" : true,
    "lastLogin" : 1676704150000,
    "created" : 1676608392000,
    "updated" : 1676704150000
  }, {
    "username" : "P6KgHWsxLtMJBLeNpyMNaA",
    "uiName" : "6365b5599c1775edb6d46be4",
    "email" : null,
    "enabled" : true,
    "lastLogin" : 1676725588000,
    "created" : 1676725587000,
    "updated" : 1676725588000
  } ],
  "recommenders" : [ ],
  "gazeteers" : [ ],
  "workload_manager" : {
    "traits" : null,
    "type" : "matrix"
  },
  "user-preferences" : [ {
    "name" : "annotation/left-sidebar",
    "traits" : "{\"selectedTab\":\"documentMetadataSidebarFactory\",\"expanded\":true}",
    "user" : "rachneet"
  }, {
    "name" : "annotation/left-sidebar",
    "traits" : "{\"selectedTab\":\"documentMetadataSidebarFactory\",\"expanded\":true}",
    "user" : "yixiao"
  }, {
    "name" : "annotation/left-sidebar",
    "traits" : "{\"selectedTab\":\"diamSidebarFactory\",\"expanded\":true}",
    "user" : "C2fwYBJPFxDTVMUGDF2jeA"
  }, {
    "name" : "annotation/left-sidebar",
    "traits" : "{\"selectedTab\":\"documentMetadataSidebarFactory\",\"expanded\":true}",
    "user" : "P6KgHWsxLtMJBLeNpyMNaA"
  }, {
    "name" : "annotation/left-sidebar",
    "traits" : "{\"selectedTab\":\"documentMetadataSidebarFactory\",\"expanded\":true}",
    "user" : "ElEWCTeqc0gwYO7Ze9yW0Q"
  }, {
    "name" : "annotation/left-sidebar",
    "traits" : "{\"selectedTab\":\"documentMetadataSidebarFactory\",\"expanded\":true}",
    "user" : "frFLqX9g5biFUM6tBMAoFA"
  } ]
}