[
    {
        "09b06519-b4e8-4d24-8042-f0beee6162f8": {
            "Answer1": "human_answer",
            "Answer2": "model_answer"
        }
    },
    {
        "803deddb-4e0a-41a3-9631-a599e003b35f": {
            "Answer1": "model_answer",
            "Answer2": "human_answer"
        }
    },
    {
        "06210903-a207-4171-901b-45d89165bec3": {
            "Answer1": "model_answer",
            "Answer2": "human_answer"
        }
    },
    {
        "a329d0eb-63c7-42fa-9c0e-46550a1a27ff": {
            "Answer1": "human_answer",
            "Answer2": "model_answer"
        }
    },
    {
        "11b6f095-8381-4ac9-923a-c6dbc00a9176": {
            "Answer1": "model_answer",
            "Answer2": "human_answer"
        }
    },
    {
        "ffb04c84-02ab-476d-ae3d-7baf78ad271c": {
            "Answer1": "model_answer",
            "Answer2": "human_answer"
        }
    },
    {
        "2fd1cb8d-bfd4-4e42-ac54-95761784b741": {
            "Answer1": "model_answer",
            "Answer2": "human_answer"
        }
    },
    {
        "5306afb4-39a5-4887-8a9b-31bee124d6ea": {
            "Answer1": "model_answer",
            "Answer2": "human_answer"
        }
    },
    {
        "824cf821-f963-4564-b18e-70acad55605f": {
            "Answer1": "model_answer",
            "Answer2": "human_answer"
        }
    },
    {
        "5eef85d6-aada-4c81-8db6-ef098671a5d4": {
            "Answer1": "human_answer",
            "Answer2": "model_answer"
        }
    },
    {
        "44d66be6-86cd-469c-ba81-6a57227b77b8": {
            "Answer1": "model_answer",
            "Answer2": "human_answer"
        }
    },
    {
        "6203195c-10b6-44da-997a-b5b62573bd0e": {
            "Answer1": "human_answer",
            "Answer2": "model_answer"
        }
    },
    {
        "a460aa0f-e2d8-4937-9b68-887f507de276": {
            "Answer1": "model_answer",
            "Answer2": "human_answer"
        }
    },
    {
        "454beb05-2896-4681-9680-7bc69d636cff": {
            "Answer1": "model_answer",
            "Answer2": "human_answer"
        }
    },
    {
        "21af1518-23a8-4135-8e71-fbee5df51206": {
            "Answer1": "model_answer",
            "Answer2": "human_answer"
        }
    },
    {
        "e9998983-55b8-4d5e-8891-b2de027ac7b7": {
            "Answer1": "human_answer",
            "Answer2": "model_answer"
        }
    },
    {
        "6ad249b8-f703-442e-b419-a2c786e4bcf3": {
            "Answer1": "human_answer",
            "Answer2": "model_answer"
        }
    },
    {
        "b35eb63b-decc-4751-8cde-d906d58f50b1": {
            "Answer1": "model_answer",
            "Answer2": "human_answer"
        }
    },
    {
        "eb85b8d8-be5f-4a0b-a5c3-69a1298c41b4": {
            "Answer1": "model_answer",
            "Answer2": "human_answer"
        }
    },
    {
        "241ead89-7541-496f-9195-cf3665a29134": {
            "Answer1": "model_answer",
            "Answer2": "human_answer"
        }
    },
    {
        "67350bac-7d09-49f7-b49c-955280aa2f45": {
            "Answer1": "model_answer",
            "Answer2": "human_answer"
        }
    },
    {
        "fd0fe1fb-0ed8-4fb8-885d-9facfc001983": {
            "Answer1": "model_answer",
            "Answer2": "human_answer"
        }
    },
    {
        "0d8e6179-b831-41bf-8d24-cfcc33cc3f40": {
            "Answer1": "model_answer",
            "Answer2": "human_answer"
        }
    },
    {
        "3006c264-fc0f-4907-9b77-7d43d05feaf8": {
            "Answer1": "model_answer",
            "Answer2": "human_answer"
        }
    },
    {
        "03235d4c-dcb0-4cac-8dc2-5d17b072f5ac": {
            "Answer1": "human_answer",
            "Answer2": "model_answer"
        }
    },
    {
        "f179a4e1-12ff-4f03-887f-904c5cd1672f": {
            "Answer1": "human_answer",
            "Answer2": "model_answer"
        }
    },
    {
        "7ddb1ad3-61b1-406e-8b02-c60275eebf67": {
            "Answer1": "model_answer",
            "Answer2": "human_answer"
        }
    },
    {
        "145adbca-8d1b-4fcc-981e-0a8fb5ea9063": {
            "Answer1": "model_answer",
            "Answer2": "human_answer"
        }
    },
    {
        "2c9d22b6-f30c-452e-bac1-c97ca2773d5f": {
            "Answer1": "model_answer",
            "Answer2": "human_answer"
        }
    },
    {
        "295d2de2-59de-459f-ae3d-a18af4348586": {
            "Answer1": "model_answer",
            "Answer2": "human_answer"
        }
    },
    {
        "aa93d2d8-1a6b-44e9-8dba-49b2f990ba07": {
            "Answer1": "model_answer",
            "Answer2": "human_answer"
        }
    },
    {
        "d5ca9c21-600f-4548-8585-e93b93e8793b": {
            "Answer1": "human_answer",
            "Answer2": "model_answer"
        }
    },
    {
        "caf9f0e0-6619-4ca7-8499-4ec88fbdc8ee": {
            "Answer1": "human_answer",
            "Answer2": "model_answer"
        }
    },
    {
        "41d700fc-9e1e-48b4-bc9c-03534b887703": {
            "Answer1": "model_answer",
            "Answer2": "human_answer"
        }
    },
    {
        "fe4592ea-b994-4830-b5b3-ec46ce5883f0": {
            "Answer1": "human_answer",
            "Answer2": "model_answer"
        }
    },
    {
        "08888660-bef1-46b5-b7e0-a17921e73c9d": {
            "Answer1": "human_answer",
            "Answer2": "model_answer"
        }
    },
    {
        "475adef7-62f3-40ae-9991-a9159d279796": {
            "Answer1": "model_answer",
            "Answer2": "human_answer"
        }
    },
    {
        "0d144d31-7d85-41a1-bbe2-6d488df55cb6": {
            "Answer1": "human_answer",
            "Answer2": "model_answer"
        }
    },
    {
        "baeb9efc-c1e8-4b9a-ab66-f2b6e2f4bf0b": {
            "Answer1": "model_answer",
            "Answer2": "human_answer"
        }
    },
    {
        "7d08a485-1472-4e5a-8338-09c9e18389ec": {
            "Answer1": "model_answer",
            "Answer2": "human_answer"
        }
    },
    {
        "f507830e-058d-4497-993f-a62eef4dbe24": {
            "Answer1": "model_answer",
            "Answer2": "human_answer"
        }
    },
    {
        "1577f703-de69-4e14-8b9f-5f8131b73553": {
            "Answer1": "model_answer",
            "Answer2": "human_answer"
        }
    },
    {
        "5ba1aa0d-1be7-432f-bdd3-f13201e30119": {
            "Answer1": "human_answer",
            "Answer2": "model_answer"
        }
    },
    {
        "9ec81c91-f515-4c3a-b73c-76d928ec5d9d": {
            "Answer1": "human_answer",
            "Answer2": "model_answer"
        }
    },
    {
        "e82c1db1-e3da-459d-ac2c-94bcdd25e37b": {
            "Answer1": "human_answer",
            "Answer2": "model_answer"
        }
    },
    {
        "9949f67e-9b2d-4db1-94be-17c801984b80": {
            "Answer1": "model_answer",
            "Answer2": "human_answer"
        }
    },
    {
        "5ebfddcb-f3fe-4690-b4a5-55c6ed9a606d": {
            "Answer1": "human_answer",
            "Answer2": "model_answer"
        }
    },
    {
        "76e2b57a-817d-4111-853a-e2ac51e51263": {
            "Answer1": "human_answer",
            "Answer2": "model_answer"
        }
    },
    {
        "9aed5340-04bc-47b0-a586-2575f5869798": {
            "Answer1": "human_answer",
            "Answer2": "model_answer"
        }
    },
    {
        "b189bd17-ec52-4b2b-a700-e8d00df118a5": {
            "Answer1": "model_answer",
            "Answer2": "human_answer"
        }
    },
    {
        "00f64ae1-c96a-4b2e-9912-c40e295e2565": {
            "Answer1": "model_answer",
            "Answer2": "human_answer"
        }
    },
    {
        "d5ef203e-0c12-42e6-a3e2-8b7601d0de8f": {
            "Answer1": "human_answer",
            "Answer2": "model_answer"
        }
    },
    {
        "5548ed24-f6b1-44a6-a652-129c25ac6826": {
            "Answer1": "model_answer",
            "Answer2": "human_answer"
        }
    },
    {
        "7b01c51b-f483-4564-a592-0d878b85b63e": {
            "Answer1": "human_answer",
            "Answer2": "model_answer"
        }
    },
    {
        "36090a1d-48d1-40d7-89b6-df3ff14f046a": {
            "Answer1": "model_answer",
            "Answer2": "human_answer"
        }
    },
    {
        "f6622368-002b-4ed6-8fd6-edafe8307d16": {
            "Answer1": "model_answer",
            "Answer2": "human_answer"
        }
    },
    {
        "81803497-25bf-405c-8af4-4072519a5dbc": {
            "Answer1": "human_answer",
            "Answer2": "model_answer"
        }
    },
    {
        "9620c057-a566-49a5-8731-031ef7309a7e": {
            "Answer1": "human_answer",
            "Answer2": "model_answer"
        }
    },
    {
        "951ea9c9-2920-481d-8654-7405b7bf4b84": {
            "Answer1": "model_answer",
            "Answer2": "human_answer"
        }
    },
    {
        "f58973f1-22b3-4a14-b2f3-29c1c6a4a6b3": {
            "Answer1": "human_answer",
            "Answer2": "model_answer"
        }
    },
    {
        "f99c58b1-4b5d-4cda-a71b-a0675f9068f9": {
            "Answer1": "human_answer",
            "Answer2": "model_answer"
        }
    },
    {
        "dadc9bb9-ed6a-49b0-9306-5039e0487813": {
            "Answer1": "model_answer",
            "Answer2": "human_answer"
        }
    },
    {
        "702a5ca1-4064-4d76-a33d-4c64343b7352": {
            "Answer1": "human_answer",
            "Answer2": "model_answer"
        }
    },
    {
        "3dc69f61-9701-4391-9632-ede71aaf6ea2": {
            "Answer1": "model_answer",
            "Answer2": "human_answer"
        }
    },
    {
        "86a368ef-12f8-4b69-9a23-6067b068b613": {
            "Answer1": "model_answer",
            "Answer2": "human_answer"
        }
    },
    {
        "d7e195b1-d35e-4634-a1d4-917536214117": {
            "Answer1": "model_answer",
            "Answer2": "human_answer"
        }
    },
    {
        "99d538df-60ae-4d9f-9aa7-5771df7bf9e1": {
            "Answer1": "model_answer",
            "Answer2": "human_answer"
        }
    },
    {
        "d494abcb-84da-45dd-be0c-4746b0de553c": {
            "Answer1": "model_answer",
            "Answer2": "human_answer"
        }
    },
    {
        "eaa42535-df9a-4cb9-834a-79dbf01e894f": {
            "Answer1": "human_answer",
            "Answer2": "model_answer"
        }
    },
    {
        "a9d81c69-9596-4329-a481-4d9036412078": {
            "Answer1": "human_answer",
            "Answer2": "model_answer"
        }
    },
    {
        "3f5c8480-8ebc-4b71-8a7e-c8bed82fbc76": {
            "Answer1": "human_answer",
            "Answer2": "model_answer"
        }
    },
    {
        "67f1716b-6272-406c-94f7-3d3a529ffb59": {
            "Answer1": "human_answer",
            "Answer2": "model_answer"
        }
    },
    {
        "c790ea5d-c6f5-4d23-9011-837d205ed3ca": {
            "Answer1": "model_answer",
            "Answer2": "human_answer"
        }
    },
    {
        "ea20f104-3282-4425-b448-f18ad358f3ed": {
            "Answer1": "human_answer",
            "Answer2": "model_answer"
        }
    },
    {
        "66fe67da-b144-43ac-8a7e-795cffde019b": {
            "Answer1": "model_answer",
            "Answer2": "human_answer"
        }
    },
    {
        "0725d873-e32c-4c8e-bbcf-8e3eb6a8a0cd": {
            "Answer1": "model_answer",
            "Answer2": "human_answer"
        }
    },
    {
        "73618a03-d48f-489f-80df-173f3136acb2": {
            "Answer1": "model_answer",
            "Answer2": "human_answer"
        }
    },
    {
        "f65d1d54-e8ff-42bf-b847-05d7e3529343": {
            "Answer1": "human_answer",
            "Answer2": "model_answer"
        }
    },
    {
        "bc1cbd90-35a4-4900-abc0-a531a78a3abb": {
            "Answer1": "model_answer",
            "Answer2": "human_answer"
        }
    },
    {
        "9bb83ef1-22e9-486d-a82e-e01fbec1d998": {
            "Answer1": "human_answer",
            "Answer2": "model_answer"
        }
    },
    {
        "e55c2a23-4e25-4ea7-a5a8-494c8db8dfc5": {
            "Answer1": "model_answer",
            "Answer2": "human_answer"
        }
    },
    {
        "78352f25-5484-4e14-b9a8-5a6e848c1000": {
            "Answer1": "model_answer",
            "Answer2": "human_answer"
        }
    },
    {
        "663a4ca3-171a-45b2-bdba-8ef90d08e6a8": {
            "Answer1": "human_answer",
            "Answer2": "model_answer"
        }
    },
    {
        "a540d128-6024-4224-8999-87c20bd743f8": {
            "Answer1": "human_answer",
            "Answer2": "model_answer"
        }
    },
    {
        "4717e6a9-bd91-4adf-b391-34210eda4c92": {
            "Answer1": "human_answer",
            "Answer2": "model_answer"
        }
    },
    {
        "6a61185f-f79c-4c05-bebb-2a40e11d5d0c": {
            "Answer1": "human_answer",
            "Answer2": "model_answer"
        }
    },
    {
        "93423a6c-4d56-4917-b62e-1bc034eaddef": {
            "Answer1": "model_answer",
            "Answer2": "human_answer"
        }
    },
    {
        "27f38da8-4393-4d0f-9e56-716ad6bcdb07": {
            "Answer1": "model_answer",
            "Answer2": "human_answer"
        }
    },
    {
        "3735abf3-97cf-4ea5-adcf-71d6a4cedd7a": {
            "Answer1": "human_answer",
            "Answer2": "model_answer"
        }
    },
    {
        "a9597888-d9e8-414a-a0a1-8acc4feb2e17": {
            "Answer1": "human_answer",
            "Answer2": "model_answer"
        }
    },
    {
        "4a5c5399-730f-4e83-93fc-ad8dac141965": {
            "Answer1": "human_answer",
            "Answer2": "model_answer"
        }
    },
    {
        "be974d5c-a656-403c-86d6-e9294e73aef4": {
            "Answer1": "model_answer",
            "Answer2": "human_answer"
        }
    },
    {
        "12a78b65-27b9-4458-8230-90ac73ba3f69": {
            "Answer1": "model_answer",
            "Answer2": "human_answer"
        }
    },
    {
        "3d52f219-f92a-4f3f-9341-d7b9dc100b35": {
            "Answer1": "human_answer",
            "Answer2": "model_answer"
        }
    },
    {
        "900722c8-1e5a-402a-aabb-d9b35472a4aa": {
            "Answer1": "model_answer",
            "Answer2": "human_answer"
        }
    },
    {
        "68300e1c-58f5-4dce-9465-77f4e2e8d0e3": {
            "Answer1": "human_answer",
            "Answer2": "model_answer"
        }
    },
    {
        "fa1ce15e-a523-4f8e-a386-5fea44963359": {
            "Answer1": "model_answer",
            "Answer2": "human_answer"
        }
    },
    {
        "9611b381-4b9a-432d-a7de-e31f395fa682": {
            "Answer1": "model_answer",
            "Answer2": "human_answer"
        }
    },
    {
        "ef237293-61d0-4bbb-b97c-53f5875b11e9": {
            "Answer1": "human_answer",
            "Answer2": "model_answer"
        }
    },
    {
        "f3176519-391d-4f83-8bf5-6f8135134491": {
            "Answer1": "model_answer",
            "Answer2": "human_answer"
        }
    },
    {
        "ad5c072b-646d-4dcd-ad96-a8a39e600762": {
            "Answer1": "human_answer",
            "Answer2": "model_answer"
        }
    },
    {
        "09cae8d6-3d58-4274-8f1e-23facf280d9d": {
            "Answer1": "human_answer",
            "Answer2": "model_answer"
        }
    },
    {
        "16ec85f0-8d83-4beb-a911-743bddbd3601": {
            "Answer1": "human_answer",
            "Answer2": "model_answer"
        }
    },
    {
        "711df6a6-4c80-44ee-8e36-613abc294c99": {
            "Answer1": "human_answer",
            "Answer2": "model_answer"
        }
    },
    {
        "8dc96e9b-c345-4cb2-a041-4860235409f6": {
            "Answer1": "model_answer",
            "Answer2": "human_answer"
        }
    },
    {
        "4f1eb6d5-845e-4c50-b94c-cc5b5f4201f6": {
            "Answer1": "model_answer",
            "Answer2": "human_answer"
        }
    },
    {
        "8045e718-145e-46b0-8e82-01152aee4348": {
            "Answer1": "model_answer",
            "Answer2": "human_answer"
        }
    },
    {
        "67cc4460-354b-415d-ac10-c1c344653552": {
            "Answer1": "human_answer",
            "Answer2": "model_answer"
        }
    },
    {
        "ec781a34-dd8d-4a48-b707-1812b2716fc0": {
            "Answer1": "model_answer",
            "Answer2": "human_answer"
        }
    },
    {
        "fafe0b2e-0410-4eab-b028-aa2e26187781": {
            "Answer1": "model_answer",
            "Answer2": "human_answer"
        }
    },
    {
        "2993cdb9-ea05-4cd0-a5b7-71a0259eef7c": {
            "Answer1": "human_answer",
            "Answer2": "model_answer"
        }
    },
    {
        "bfd6f98c-9887-4517-9542-49042c6b32a4": {
            "Answer1": "human_answer",
            "Answer2": "model_answer"
        }
    },
    {
        "6d0abf05-4bc5-449c-8430-89c3bfd3580f": {
            "Answer1": "model_answer",
            "Answer2": "human_answer"
        }
    },
    {
        "a908842e-62b1-4a06-83ef-a302fca3a8ef": {
            "Answer1": "human_answer",
            "Answer2": "model_answer"
        }
    },
    {
        "0f3c20e7-cc6f-44a4-bfa8-89ca0c116d5f": {
            "Answer1": "model_answer",
            "Answer2": "human_answer"
        }
    },
    {
        "0242d81a-2c1b-4021-9aa1-c5cfcf38a784": {
            "Answer1": "model_answer",
            "Answer2": "human_answer"
        }
    },
    {
        "9cfc6ee2-0b66-43a6-92be-c7a3ba05ed30": {
            "Answer1": "model_answer",
            "Answer2": "human_answer"
        }
    },
    {
        "92511e56-39f2-4ce3-9acf-6073b8c60b32": {
            "Answer1": "model_answer",
            "Answer2": "human_answer"
        }
    },
    {
        "ea84b00e-5bbb-4cdc-bf7b-2b315edb41b7": {
            "Answer1": "model_answer",
            "Answer2": "human_answer"
        }
    },
    {
        "889c64b8-7d3d-4bfb-a5a8-62b7b1ac3526": {
            "Answer1": "human_answer",
            "Answer2": "model_answer"
        }
    },
    {
        "c9681faf-dca0-4ef7-9945-50f5c132bb78": {
            "Answer1": "human_answer",
            "Answer2": "model_answer"
        }
    },
    {
        "f9e9f152-24af-4df7-97fd-e58c5a7e1bed": {
            "Answer1": "human_answer",
            "Answer2": "model_answer"
        }
    },
    {
        "1ea96cb3-7f6a-40dd-bee9-72682db43cc9": {
            "Answer1": "human_answer",
            "Answer2": "model_answer"
        }
    },
    {
        "7732f514-cfe0-435a-89b0-b0e8fb497dd7": {
            "Answer1": "human_answer",
            "Answer2": "model_answer"
        }
    },
    {
        "05b4333c-1c42-4ede-b62c-830c38cbfea2": {
            "Answer1": "human_answer",
            "Answer2": "model_answer"
        }
    },
    {
        "3a584c94-be28-4675-987a-a0f41900f2cf": {
            "Answer1": "human_answer",
            "Answer2": "model_answer"
        }
    },
    {
        "ddbb2d0e-eff7-4aac-b430-7135a9389394": {
            "Answer1": "human_answer",
            "Answer2": "model_answer"
        }
    },
    {
        "e8e95f49-0dc9-4223-9704-f90bb9ffb368": {
            "Answer1": "human_answer",
            "Answer2": "model_answer"
        }
    },
    {
        "51cd59a8-7c40-48e2-a25f-6501e1e361b8": {
            "Answer1": "human_answer",
            "Answer2": "model_answer"
        }
    },
    {
        "19bacfc1-da64-4932-8538-840f61705ec4": {
            "Answer1": "model_answer",
            "Answer2": "human_answer"
        }
    },
    {
        "075398ee-9f9f-4ff7-97aa-7d0315844130": {
            "Answer1": "model_answer",
            "Answer2": "human_answer"
        }
    },
    {
        "663f779b-23f5-4697-8a44-3e3e7236bdf1": {
            "Answer1": "human_answer",
            "Answer2": "model_answer"
        }
    },
    {
        "589f9dea-2789-4e83-a85a-79afa8024613": {
            "Answer1": "human_answer",
            "Answer2": "model_answer"
        }
    },
    {
        "7063115c-3bcd-44f1-ae63-cf8a0638e38f": {
            "Answer1": "model_answer",
            "Answer2": "human_answer"
        }
    },
    {
        "c7ddc334-cf6a-408c-974d-afe0971fe082": {
            "Answer1": "human_answer",
            "Answer2": "model_answer"
        }
    },
    {
        "22aa139f-eed2-4b63-a9f6-8e091fb30431": {
            "Answer1": "human_answer",
            "Answer2": "model_answer"
        }
    },
    {
        "dc040a6f-b097-48f4-b0a4-3f1f77979061": {
            "Answer1": "human_answer",
            "Answer2": "model_answer"
        }
    },
    {
        "a78d0fc0-d8d7-40c9-8bf1-cd3fdbc4ee2c": {
            "Answer1": "human_answer",
            "Answer2": "model_answer"
        }
    },
    {
        "c64b3ce0-7806-4ace-9a2b-1b9819a3938a": {
            "Answer1": "model_answer",
            "Answer2": "human_answer"
        }
    },
    {
        "08ecedd8-fc20-4ab5-a3ac-01f8e32b6471": {
            "Answer1": "human_answer",
            "Answer2": "model_answer"
        }
    },
    {
        "7c03a9e0-f873-4490-b81a-e5a1807847f6": {
            "Answer1": "human_answer",
            "Answer2": "model_answer"
        }
    },
    {
        "692bf2b0-af20-452d-a67e-3ddbc10462ea": {
            "Answer1": "model_answer",
            "Answer2": "human_answer"
        }
    },
    {
        "9cba7ed0-fa27-45d0-95b5-2b31cffe683b": {
            "Answer1": "model_answer",
            "Answer2": "human_answer"
        }
    },
    {
        "b3db41ad-6207-40ce-b5aa-190f63636fbc": {
            "Answer1": "model_answer",
            "Answer2": "human_answer"
        }
    },
    {
        "ba25dd83-378f-4e67-838f-7e8ab6769568": {
            "Answer1": "human_answer",
            "Answer2": "model_answer"
        }
    },
    {
        "67ceffa9-d95f-4c2b-8f2a-405b85c526ab": {
            "Answer1": "human_answer",
            "Answer2": "model_answer"
        }
    },
    {
        "63a96e79-3df1-42d0-86c2-5cd1ca7b491e": {
            "Answer1": "model_answer",
            "Answer2": "human_answer"
        }
    },
    {
        "6983e374-f658-4328-8e08-7776004e4066": {
            "Answer1": "human_answer",
            "Answer2": "model_answer"
        }
    },
    {
        "b7d26af1-508b-4f75-ad44-c2f60a09d9d1": {
            "Answer1": "model_answer",
            "Answer2": "human_answer"
        }
    },
    {
        "5a91d995-2d61-46f8-8988-d39dcdcdb6a6": {
            "Answer1": "human_answer",
            "Answer2": "model_answer"
        }
    },
    {
        "fe06e9ba-816e-4d31-b62d-9244d5367d09": {
            "Answer1": "human_answer",
            "Answer2": "model_answer"
        }
    },
    {
        "ec02f6f8-3b73-41f5-8f0f-89692cefce60": {
            "Answer1": "model_answer",
            "Answer2": "human_answer"
        }
    },
    {
        "b881d525-95d3-44b2-9f27-71506ad6f2f5": {
            "Answer1": "human_answer",
            "Answer2": "model_answer"
        }
    },
    {
        "e2bb9cb9-192e-4200-be95-c1c72ef9e06a": {
            "Answer1": "human_answer",
            "Answer2": "model_answer"
        }
    },
    {
        "160703d2-3724-47ba-9e64-0a0bd8665a72": {
            "Answer1": "human_answer",
            "Answer2": "model_answer"
        }
    },
    {
        "14edf4fc-d42c-4c3b-a8fc-26d9d440bf50": {
            "Answer1": "human_answer",
            "Answer2": "model_answer"
        }
    },
    {
        "04ac3833-c4d7-4bcb-a3f4-f133819ef4df": {
            "Answer1": "human_answer",
            "Answer2": "model_answer"
        }
    },
    {
        "d7cc1817-071f-4796-9f47-ee0532c5399c": {
            "Answer1": "human_answer",
            "Answer2": "model_answer"
        }
    },
    {
        "0bc806ae-5287-4777-a8a2-ad2b2a9cac18": {
            "Answer1": "model_answer",
            "Answer2": "human_answer"
        }
    },
    {
        "518354e0-c0a7-462d-a461-e826fabea721": {
            "Answer1": "human_answer",
            "Answer2": "model_answer"
        }
    },
    {
        "6cb61bd6-aa73-402b-8251-63f178b666d3": {
            "Answer1": "model_answer",
            "Answer2": "human_answer"
        }
    },
    {
        "b567fad0-4343-4a5a-a084-15ad0c054e1d": {
            "Answer1": "model_answer",
            "Answer2": "human_answer"
        }
    },
    {
        "031d790a-7d9d-498e-a36d-a28eaca304ac": {
            "Answer1": "human_answer",
            "Answer2": "model_answer"
        }
    },
    {
        "0c16c464-f919-4019-834e-f8936c49342d": {
            "Answer1": "human_answer",
            "Answer2": "model_answer"
        }
    },
    {
        "e703500a-27b1-489f-9fe5-72b1d5f0bf81": {
            "Answer1": "human_answer",
            "Answer2": "model_answer"
        }
    },
    {
        "c75ebf6b-1e35-44c7-9473-7eed84ac6f4c": {
            "Answer1": "model_answer",
            "Answer2": "human_answer"
        }
    },
    {
        "f97dd36e-f7d7-4d0f-a709-cf624b411632": {
            "Answer1": "human_answer",
            "Answer2": "model_answer"
        }
    },
    {
        "69cffc94-d3c1-466b-8b93-396e66819f0a": {
            "Answer1": "human_answer",
            "Answer2": "model_answer"
        }
    },
    {
        "4b6df048-0a49-416f-9f05-f30b80bb95d2": {
            "Answer1": "human_answer",
            "Answer2": "model_answer"
        }
    },
    {
        "02408398-02c5-4afc-866d-4225e869d49a": {
            "Answer1": "model_answer",
            "Answer2": "human_answer"
        }
    },
    {
        "edd35754-908a-4fe1-bb0a-9298dbdcecc7": {
            "Answer1": "human_answer",
            "Answer2": "model_answer"
        }
    },
    {
        "9cf3aed0-37d8-4716-9465-b3ca4d677014": {
            "Answer1": "model_answer",
            "Answer2": "human_answer"
        }
    },
    {
        "9bde1203-8b70-4958-902b-0e7f3fa75701": {
            "Answer1": "model_answer",
            "Answer2": "human_answer"
        }
    },
    {
        "96a0d86a-d114-4dd2-ab79-2879d1034ba0": {
            "Answer1": "model_answer",
            "Answer2": "human_answer"
        }
    },
    {
        "556b4fc1-5916-4d59-b33f-e7732fae36a7": {
            "Answer1": "model_answer",
            "Answer2": "human_answer"
        }
    },
    {
        "2c090586-62de-4e81-86fd-ae96d7e080f6": {
            "Answer1": "model_answer",
            "Answer2": "human_answer"
        }
    },
    {
        "b9374b5e-db30-4d09-bc66-3d1023e94eac": {
            "Answer1": "human_answer",
            "Answer2": "model_answer"
        }
    },
    {
        "3c510b0d-c0cc-48b2-a1d7-6bd3c2e4c4cd": {
            "Answer1": "model_answer",
            "Answer2": "human_answer"
        }
    },
    {
        "5a5c7294-ee4a-405a-a2e8-fbe03ab2ee9b": {
            "Answer1": "human_answer",
            "Answer2": "model_answer"
        }
    },
    {
        "8ca0c7a2-3ff9-4c4c-9e2c-621eb17112e5": {
            "Answer1": "model_answer",
            "Answer2": "human_answer"
        }
    },
    {
        "f98ebc25-eedc-46ac-a991-620f943afd5f": {
            "Answer1": "model_answer",
            "Answer2": "human_answer"
        }
    },
    {
        "db13c46f-63e0-43a1-acb5-cf5ae083a7f1": {
            "Answer1": "model_answer",
            "Answer2": "human_answer"
        }
    },
    {
        "7dd8bb2c-2d24-4da5-bfa7-805555d722f2": {
            "Answer1": "human_answer",
            "Answer2": "model_answer"
        }
    },
    {
        "092aadeb-6e02-48ce-b26c-9d659ea70722": {
            "Answer1": "model_answer",
            "Answer2": "human_answer"
        }
    },
    {
        "69fc4b9f-62b4-446f-a98c-fcad0b5776a9": {
            "Answer1": "human_answer",
            "Answer2": "model_answer"
        }
    },
    {
        "849e22f4-f62c-4d23-a781-37e7ec9743f0": {
            "Answer1": "model_answer",
            "Answer2": "human_answer"
        }
    },
    {
        "7fa5a372-3349-4fc5-a2c9-4fdc86719e23": {
            "Answer1": "model_answer",
            "Answer2": "human_answer"
        }
    },
    {
        "d116f4de-5640-4c75-a01f-f6956608a7b0": {
            "Answer1": "model_answer",
            "Answer2": "human_answer"
        }
    },
    {
        "2f32184f-f2e1-4a1f-be64-1e2f60593147": {
            "Answer1": "model_answer",
            "Answer2": "human_answer"
        }
    },
    {
        "ef7deae7-bdb3-4a81-ab1a-f59b8da87987": {
            "Answer1": "model_answer",
            "Answer2": "human_answer"
        }
    },
    {
        "a708e2ac-3f54-4007-8a66-5b15b059f11d": {
            "Answer1": "model_answer",
            "Answer2": "human_answer"
        }
    },
    {
        "91f44125-5bef-4bce-9e9c-6e83e1da3f71": {
            "Answer1": "human_answer",
            "Answer2": "model_answer"
        }
    },
    {
        "0faa8a38-5dfd-4dec-a3ea-340e07c353fe": {
            "Answer1": "human_answer",
            "Answer2": "model_answer"
        }
    },
    {
        "e0cfa87a-eb90-47f6-a335-b43ad086b421": {
            "Answer1": "human_answer",
            "Answer2": "model_answer"
        }
    },
    {
        "7e5e8fda-718e-4f81-b2a1-7141227b38b5": {
            "Answer1": "human_answer",
            "Answer2": "model_answer"
        }
    },
    {
        "a9c06547-ca7e-4e32-a67d-71fa9c027c4b": {
            "Answer1": "model_answer",
            "Answer2": "human_answer"
        }
    },
    {
        "8a4c338e-1317-4760-ac9b-6e120b57dc6e": {
            "Answer1": "human_answer",
            "Answer2": "model_answer"
        }
    },
    {
        "a8ceacfd-e057-46c2-a77e-794dd150b992": {
            "Answer1": "model_answer",
            "Answer2": "human_answer"
        }
    },
    {
        "acb26c09-c063-46ae-bdf7-1d748d55986d": {
            "Answer1": "human_answer",
            "Answer2": "model_answer"
        }
    },
    {
        "c6b345b1-5a7c-4f24-9c52-69503a22f5ac": {
            "Answer1": "human_answer",
            "Answer2": "model_answer"
        }
    },
    {
        "c782d544-cf11-4c24-9a53-6ee3514cb294": {
            "Answer1": "model_answer",
            "Answer2": "human_answer"
        }
    },
    {
        "9a054336-cc08-4027-adf1-15d255fec240": {
            "Answer1": "human_answer",
            "Answer2": "model_answer"
        }
    },
    {
        "b9df7f62-cfcd-4ec6-a9c8-9ce8846b05c5": {
            "Answer1": "human_answer",
            "Answer2": "model_answer"
        }
    },
    {
        "c19dfce7-37bb-47d8-89b2-45258e408fdd": {
            "Answer1": "model_answer",
            "Answer2": "human_answer"
        }
    },
    {
        "52e82386-472c-4138-8e87-f02b23804a6d": {
            "Answer1": "model_answer",
            "Answer2": "human_answer"
        }
    },
    {
        "55868a23-88e4-4219-8316-97ee926728da": {
            "Answer1": "model_answer",
            "Answer2": "human_answer"
        }
    },
    {
        "246b9c25-fde2-48ed-b108-293ab6f75d3c": {
            "Answer1": "human_answer",
            "Answer2": "model_answer"
        }
    },
    {
        "fa54ea4a-3dce-4575-aedf-7e9149097536": {
            "Answer1": "human_answer",
            "Answer2": "model_answer"
        }
    },
    {
        "e16b87f4-9532-4d88-8204-270a3f8c500e": {
            "Answer1": "model_answer",
            "Answer2": "human_answer"
        }
    },
    {
        "1e5c815d-0e0a-4b97-9337-08e1e45a618e": {
            "Answer1": "model_answer",
            "Answer2": "human_answer"
        }
    },
    {
        "bc5ceeeb-eab3-40b7-b071-c3cf999da568": {
            "Answer1": "human_answer",
            "Answer2": "model_answer"
        }
    },
    {
        "8e925b44-b102-4620-bbe7-b06504c18ac3": {
            "Answer1": "model_answer",
            "Answer2": "human_answer"
        }
    },
    {
        "fecf4ac9-9cfd-427a-85fe-9b737f9121d3": {
            "Answer1": "model_answer",
            "Answer2": "human_answer"
        }
    },
    {
        "6e14b10c-2eca-428f-8401-d452278dd548": {
            "Answer1": "model_answer",
            "Answer2": "human_answer"
        }
    },
    {
        "e33309c7-8c3c-40e4-84f1-e37e0b1f1c7f": {
            "Answer1": "human_answer",
            "Answer2": "model_answer"
        }
    },
    {
        "80fb7fdd-9b07-4880-a3a5-c23454c09f38": {
            "Answer1": "human_answer",
            "Answer2": "model_answer"
        }
    },
    {
        "369f3f16-a302-4825-b2e4-e1f86d65ab73": {
            "Answer1": "model_answer",
            "Answer2": "human_answer"
        }
    },
    {
        "03fd2c88-e3e9-4ba5-8641-fa7814df6b08": {
            "Answer1": "model_answer",
            "Answer2": "human_answer"
        }
    },
    {
        "78f58047-891b-432e-8c51-11964f5428d6": {
            "Answer1": "human_answer",
            "Answer2": "model_answer"
        }
    },
    {
        "1bdb4b8c-189f-46d4-b570-d37b6528e7f5": {
            "Answer1": "human_answer",
            "Answer2": "model_answer"
        }
    },
    {
        "0e1ba65c-d828-4786-95da-ee3227d61db3": {
            "Answer1": "model_answer",
            "Answer2": "human_answer"
        }
    },
    {
        "0d00255b-5721-4f15-a96c-058409a3839d": {
            "Answer1": "model_answer",
            "Answer2": "human_answer"
        }
    },
    {
        "12507434-997f-40b6-9cc8-2308e3159fc8": {
            "Answer1": "human_answer",
            "Answer2": "model_answer"
        }
    },
    {
        "71e2d7d4-f330-43d8-adf8-c019c2597c00": {
            "Answer1": "human_answer",
            "Answer2": "model_answer"
        }
    },
    {
        "587e1aa9-4a53-4130-aae8-79051408ca31": {
            "Answer1": "model_answer",
            "Answer2": "human_answer"
        }
    },
    {
        "0fcd7f51-16f3-4ff5-b8e8-586fec938f02": {
            "Answer1": "model_answer",
            "Answer2": "human_answer"
        }
    },
    {
        "6cd35efd-ed66-4a70-9fbc-c20ca4497e23": {
            "Answer1": "model_answer",
            "Answer2": "human_answer"
        }
    },
    {
        "23c2d5c3-6095-4959-a9f4-7fde9a05d3e3": {
            "Answer1": "model_answer",
            "Answer2": "human_answer"
        }
    },
    {
        "2c128d8c-4534-45dd-b1b4-0c7afb2d2eee": {
            "Answer1": "human_answer",
            "Answer2": "model_answer"
        }
    },
    {
        "37088df0-1bab-4107-84b2-92d11849fbf5": {
            "Answer1": "human_answer",
            "Answer2": "model_answer"
        }
    },
    {
        "74ee1f54-22f4-48d2-9ff1-b5a1a5002bf9": {
            "Answer1": "human_answer",
            "Answer2": "model_answer"
        }
    },
    {
        "56c4e86a-6c4b-452f-9528-846aa7a005fc": {
            "Answer1": "model_answer",
            "Answer2": "human_answer"
        }
    },
    {
        "48a453d2-1c16-450a-9869-de07df5bdabe": {
            "Answer1": "model_answer",
            "Answer2": "human_answer"
        }
    },
    {
        "2481fe89-34ff-4105-9c0e-c8a013d1b0ef": {
            "Answer1": "human_answer",
            "Answer2": "model_answer"
        }
    },
    {
        "5d1e434a-5071-4f35-bf7e-0bf27a545773": {
            "Answer1": "model_answer",
            "Answer2": "human_answer"
        }
    },
    {
        "54243b82-1dbb-4902-834a-9895090fdccd": {
            "Answer1": "model_answer",
            "Answer2": "human_answer"
        }
    },
    {
        "0f32cea2-6038-4005-975c-610c904b0517": {
            "Answer1": "model_answer",
            "Answer2": "human_answer"
        }
    },
    {
        "9207d7ab-993f-4a50-a912-4b672f3c2a62": {
            "Answer1": "human_answer",
            "Answer2": "model_answer"
        }
    },
    {
        "ac36a788-68c1-4f7d-820e-628adfe2afe1": {
            "Answer1": "human_answer",
            "Answer2": "model_answer"
        }
    },
    {
        "e8863304-0ad0-4866-9464-0d64a88c5345": {
            "Answer1": "human_answer",
            "Answer2": "model_answer"
        }
    },
    {
        "78c1794e-b730-48f4-b75c-02d67df3d0be": {
            "Answer1": "model_answer",
            "Answer2": "human_answer"
        }
    },
    {
        "1d37c001-fbb7-4509-8401-128579955572": {
            "Answer1": "human_answer",
            "Answer2": "model_answer"
        }
    },
    {
        "68d25cda-a89f-42c7-96d7-5c814d52a75e": {
            "Answer1": "human_answer",
            "Answer2": "model_answer"
        }
    },
    {
        "883e0406-ba2e-47aa-a72c-7fda27e77fd0": {
            "Answer1": "model_answer",
            "Answer2": "human_answer"
        }
    },
    {
        "03804547-6f04-472b-82fc-bf073985dfc2": {
            "Answer1": "model_answer",
            "Answer2": "human_answer"
        }
    },
    {
        "059fa085-f357-478a-83c1-fc5933bbad6a": {
            "Answer1": "human_answer",
            "Answer2": "model_answer"
        }
    },
    {
        "2d60de7a-0e3e-4eb5-ae79-ff18cc29d5bc": {
            "Answer1": "human_answer",
            "Answer2": "model_answer"
        }
    },
    {
        "1f0a9551-7776-4b2f-9cee-07fc220248f8": {
            "Answer1": "human_answer",
            "Answer2": "model_answer"
        }
    },
    {
        "9f2ef0a9-02dd-4c51-a5b9-54f736346b4b": {
            "Answer1": "human_answer",
            "Answer2": "model_answer"
        }
    },
    {
        "1065bd65-5420-46ef-9d0e-53009beec491": {
            "Answer1": "model_answer",
            "Answer2": "human_answer"
        }
    },
    {
        "88737e8e-59c4-4902-9ae9-7f2e5107f9c6": {
            "Answer1": "model_answer",
            "Answer2": "human_answer"
        }
    },
    {
        "909a7077-c9a6-4058-b262-71a4566836d7": {
            "Answer1": "model_answer",
            "Answer2": "human_answer"
        }
    },
    {
        "5152e57d-dbd4-4f96-8d2e-a261c9f99a6a": {
            "Answer1": "model_answer",
            "Answer2": "human_answer"
        }
    },
    {
        "6dbe414e-e66b-40dd-942d-990e1ea115fa": {
            "Answer1": "model_answer",
            "Answer2": "human_answer"
        }
    },
    {
        "9af1d619-749c-4cbb-a79c-8ec3017308e6": {
            "Answer1": "model_answer",
            "Answer2": "human_answer"
        }
    },
    {
        "08769877-43a3-486c-8beb-6ea11de89f8c": {
            "Answer1": "model_answer",
            "Answer2": "human_answer"
        }
    },
    {
        "909081dc-b2e5-4c77-a59d-a2d513133fb7": {
            "Answer1": "model_answer",
            "Answer2": "human_answer"
        }
    },
    {
        "52a823cc-a9d3-448f-ac6a-a158edf9b73f": {
            "Answer1": "human_answer",
            "Answer2": "model_answer"
        }
    },
    {
        "5ec2fcf3-6e2c-481a-88c1-799f6db54519": {
            "Answer1": "model_answer",
            "Answer2": "human_answer"
        }
    },
    {
        "153d1521-7613-4d6d-96b2-7ae453c23945": {
            "Answer1": "human_answer",
            "Answer2": "model_answer"
        }
    },
    {
        "5a6b9cf6-b583-49f6-884f-5255bce94c16": {
            "Answer1": "model_answer",
            "Answer2": "human_answer"
        }
    },
    {
        "7cbd4883-e8ee-44fb-8aa0-e0059468f32c": {
            "Answer1": "human_answer",
            "Answer2": "model_answer"
        }
    },
    {
        "f482eb47-f98c-4f53-9c3c-fba22b291b80": {
            "Answer1": "human_answer",
            "Answer2": "model_answer"
        }
    },
    {
        "3f04c70a-fa6f-469e-adc3-4f4c10e0507a": {
            "Answer1": "human_answer",
            "Answer2": "model_answer"
        }
    },
    {
        "49ee1ad7-1388-4abb-9bf9-6965e406b384": {
            "Answer1": "model_answer",
            "Answer2": "human_answer"
        }
    },
    {
        "82bde543-ef92-4076-a9d5-a1897d59ceaf": {
            "Answer1": "model_answer",
            "Answer2": "human_answer"
        }
    },
    {
        "40ec1852-3128-4ff8-a70f-2329981f0320": {
            "Answer1": "model_answer",
            "Answer2": "human_answer"
        }
    },
    {
        "fa45bbe9-a8cc-41db-9d43-c7432f2d6328": {
            "Answer1": "model_answer",
            "Answer2": "human_answer"
        }
    },
    {
        "fae9cc9a-9665-435b-8183-f892594bc74d": {
            "Answer1": "model_answer",
            "Answer2": "human_answer"
        }
    },
    {
        "0ead5017-7cec-4d46-8640-0954aaf43374": {
            "Answer1": "model_answer",
            "Answer2": "human_answer"
        }
    },
    {
        "f3c86b68-9024-4fcc-94fa-c3e86568b722": {
            "Answer1": "human_answer",
            "Answer2": "model_answer"
        }
    },
    {
        "0bca556c-4526-49c3-8209-ceae79de46f4": {
            "Answer1": "model_answer",
            "Answer2": "human_answer"
        }
    },
    {
        "2de64d85-d4ce-4f1f-94de-681abafe00b0": {
            "Answer1": "model_answer",
            "Answer2": "human_answer"
        }
    },
    {
        "cdb13915-38d4-4966-a1a7-0cbe56a57af3": {
            "Answer1": "human_answer",
            "Answer2": "model_answer"
        }
    },
    {
        "7db482fd-e938-4d6c-ab61-22b043e61bea": {
            "Answer1": "human_answer",
            "Answer2": "model_answer"
        }
    },
    {
        "e00d3b0f-50a1-4a56-8880-eec391dd0920": {
            "Answer1": "human_answer",
            "Answer2": "model_answer"
        }
    },
    {
        "6cb49b32-1463-483f-90b7-25a965c37fa0": {
            "Answer1": "model_answer",
            "Answer2": "human_answer"
        }
    },
    {
        "28af1ca7-4b17-4ab6-b15d-a6cb91c59015": {
            "Answer1": "model_answer",
            "Answer2": "human_answer"
        }
    },
    {
        "622e75ad-f66b-474d-bf00-4911109b6bcb": {
            "Answer1": "model_answer",
            "Answer2": "human_answer"
        }
    },
    {
        "eae8daf6-6796-41ed-9dbc-b53592c614e9": {
            "Answer1": "human_answer",
            "Answer2": "model_answer"
        }
    },
    {
        "670dae73-b138-45f3-a590-76647a86eadb": {
            "Answer1": "human_answer",
            "Answer2": "model_answer"
        }
    },
    {
        "2cb7a9bf-ed2b-4461-9974-e4b8bec7043e": {
            "Answer1": "human_answer",
            "Answer2": "model_answer"
        }
    },
    {
        "cbdfec31-2738-41be-a578-e1396fcfd2f1": {
            "Answer1": "human_answer",
            "Answer2": "model_answer"
        }
    },
    {
        "85447137-70bc-4060-8f81-6742edb78a53": {
            "Answer1": "model_answer",
            "Answer2": "human_answer"
        }
    },
    {
        "f1de93bf-dc0d-4a8e-8071-ab89ee1e0b4a": {
            "Answer1": "model_answer",
            "Answer2": "human_answer"
        }
    },
    {
        "3b9618c2-dda2-4b7e-ba7c-5ef394062df7": {
            "Answer1": "human_answer",
            "Answer2": "model_answer"
        }
    },
    {
        "cb8f2926-3b66-4497-b0f8-a2e2965ddbef": {
            "Answer1": "human_answer",
            "Answer2": "model_answer"
        }
    },
    {
        "b431b6bb-d5e3-400f-a0d8-f2edcd11232e": {
            "Answer1": "human_answer",
            "Answer2": "model_answer"
        }
    },
    {
        "baa73de0-1d0d-467c-a91b-b802a652999f": {
            "Answer1": "model_answer",
            "Answer2": "human_answer"
        }
    },
    {
        "62f26a16-5b18-4fad-b301-411f5e967a08": {
            "Answer1": "human_answer",
            "Answer2": "model_answer"
        }
    },
    {
        "5df016d2-9cdd-4e3e-8896-a320e28cda91": {
            "Answer1": "model_answer",
            "Answer2": "human_answer"
        }
    },
    {
        "943b2a05-ba3d-40b9-bc2e-549d37bcd03a": {
            "Answer1": "model_answer",
            "Answer2": "human_answer"
        }
    },
    {
        "29e55647-16ea-410d-bb14-381095dcde35": {
            "Answer1": "model_answer",
            "Answer2": "human_answer"
        }
    },
    {
        "2bd21981-5eda-48da-8b15-6ab1182b9c27": {
            "Answer1": "human_answer",
            "Answer2": "model_answer"
        }
    },
    {
        "3e90da97-884a-4677-98df-208376b7223b": {
            "Answer1": "model_answer",
            "Answer2": "human_answer"
        }
    },
    {
        "543d6742-8388-4732-bbb0-d8f289afe57c": {
            "Answer1": "human_answer",
            "Answer2": "model_answer"
        }
    },
    {
        "dcfe7ee1-2d13-4e75-896e-12f6f1d380f0": {
            "Answer1": "human_answer",
            "Answer2": "model_answer"
        }
    },
    {
        "2083fff2-2cc8-4c90-bcfa-7f80eee13415": {
            "Answer1": "human_answer",
            "Answer2": "model_answer"
        }
    },
    {
        "763f0826-0310-499f-bde5-0856029dd992": {
            "Answer1": "human_answer",
            "Answer2": "model_answer"
        }
    },
    {
        "778c576e-4949-4c82-99e9-d6267b590f91": {
            "Answer1": "model_answer",
            "Answer2": "human_answer"
        }
    },
    {
        "395edaf4-96ed-44f2-ac1f-83751a29732d": {
            "Answer1": "human_answer",
            "Answer2": "model_answer"
        }
    },
    {
        "d35cf13c-a78f-4108-a4cf-abefa4afd9ef": {
            "Answer1": "human_answer",
            "Answer2": "model_answer"
        }
    },
    {
        "6c2b1afd-c015-4459-bd60-7f9fb9970312": {
            "Answer1": "human_answer",
            "Answer2": "model_answer"
        }
    },
    {
        "a64ecb37-393d-48ac-a117-6757d3b213f9": {
            "Answer1": "model_answer",
            "Answer2": "human_answer"
        }
    },
    {
        "ee444124-13c7-4f23-b50f-9c9b3498f0cf": {
            "Answer1": "human_answer",
            "Answer2": "model_answer"
        }
    },
    {
        "a8fbfc81-4270-4582-8884-2e3f8f6fddf5": {
            "Answer1": "model_answer",
            "Answer2": "human_answer"
        }
    },
    {
        "c02566d0-2af1-412d-958b-53a9c8141d2a": {
            "Answer1": "model_answer",
            "Answer2": "human_answer"
        }
    },
    {
        "bdda0a2d-c2e8-4b8e-8380-ec066bb15073": {
            "Answer1": "human_answer",
            "Answer2": "model_answer"
        }
    },
    {
        "11576992-7cf5-4ed1-89e7-8341b6322343": {
            "Answer1": "model_answer",
            "Answer2": "human_answer"
        }
    },
    {
        "ddc10936-5294-4ae6-9f2d-30c467560102": {
            "Answer1": "human_answer",
            "Answer2": "model_answer"
        }
    },
    {
        "d2583ad3-53bb-4e20-9483-b5962ea30f00": {
            "Answer1": "model_answer",
            "Answer2": "human_answer"
        }
    },
    {
        "02062ffd-f0bb-4566-847c-fc7057d4ce0b": {
            "Answer1": "human_answer",
            "Answer2": "model_answer"
        }
    },
    {
        "179e57a0-53a7-4a68-8907-0a45b7e9e7f6": {
            "Answer1": "human_answer",
            "Answer2": "model_answer"
        }
    },
    {
        "269df12d-6ebe-4d11-85bb-1a123a3fa5c5": {
            "Answer1": "human_answer",
            "Answer2": "model_answer"
        }
    },
    {
        "7bf0275a-a7f0-46f2-a546-fa07ad87ff53": {
            "Answer1": "model_answer",
            "Answer2": "human_answer"
        }
    },
    {
        "81e499cf-94e8-4b05-b4e6-3fa036663c08": {
            "Answer1": "model_answer",
            "Answer2": "human_answer"
        }
    },
    {
        "ef3ad369-953d-4241-8040-b8874fc69874": {
            "Answer1": "model_answer",
            "Answer2": "human_answer"
        }
    },
    {
        "fe06f7ef-46d8-427b-8022-9f1d859bfcb5": {
            "Answer1": "human_answer",
            "Answer2": "model_answer"
        }
    },
    {
        "b3337b90-8032-4f20-b938-0dfff8b3332f": {
            "Answer1": "model_answer",
            "Answer2": "human_answer"
        }
    },
    {
        "3705260f-8583-4717-9cbc-a20457be13a5": {
            "Answer1": "human_answer",
            "Answer2": "model_answer"
        }
    },
    {
        "9fe73da3-30da-4a7f-909c-7911fd4545c6": {
            "Answer1": "human_answer",
            "Answer2": "model_answer"
        }
    },
    {
        "58826ec9-bbeb-4467-b71d-c03799a496a4": {
            "Answer1": "human_answer",
            "Answer2": "model_answer"
        }
    },
    {
        "3f9400ac-b40e-4e07-96bd-194e4c4e38b3": {
            "Answer1": "human_answer",
            "Answer2": "model_answer"
        }
    },
    {
        "c75d1cf0-5152-4caa-a99e-4ed7e30d3678": {
            "Answer1": "human_answer",
            "Answer2": "model_answer"
        }
    },
    {
        "4fa2616f-e0c7-4aa1-8d8b-993241cee9ee": {
            "Answer1": "human_answer",
            "Answer2": "model_answer"
        }
    },
    {
        "ab3ae757-7470-4195-9293-f481ec0eb8a6": {
            "Answer1": "human_answer",
            "Answer2": "model_answer"
        }
    },
    {
        "7114be91-f7b9-4d2d-81c0-4d6e9fc2e6e0": {
            "Answer1": "human_answer",
            "Answer2": "model_answer"
        }
    },
    {
        "10f872b5-b3f0-4d74-8f54-edcc3af9a892": {
            "Answer1": "human_answer",
            "Answer2": "model_answer"
        }
    },
    {
        "d10b3160-236b-4193-918a-ca5da90cd4ca": {
            "Answer1": "human_answer",
            "Answer2": "model_answer"
        }
    },
    {
        "237783a4-8f6e-4a8d-a57a-7513dbf95911": {
            "Answer1": "human_answer",
            "Answer2": "model_answer"
        }
    },
    {
        "de53a272-b424-47d8-b0ad-aa75d1b369d2": {
            "Answer1": "model_answer",
            "Answer2": "human_answer"
        }
    },
    {
        "037f220f-7797-4b35-bcf0-201336c4127b": {
            "Answer1": "model_answer",
            "Answer2": "human_answer"
        }
    },
    {
        "1813da0d-7330-4f29-882c-b5bc67391b2d": {
            "Answer1": "human_answer",
            "Answer2": "model_answer"
        }
    },
    {
        "fd9b7b89-a541-4f5d-b8e9-d0f7cf29e80a": {
            "Answer1": "model_answer",
            "Answer2": "human_answer"
        }
    },
    {
        "34b927b6-347f-4463-9730-52740415f09c": {
            "Answer1": "human_answer",
            "Answer2": "model_answer"
        }
    },
    {
        "c743a12c-2b8e-4dc4-9d7e-6e9f6f20c648": {
            "Answer1": "model_answer",
            "Answer2": "human_answer"
        }
    },
    {
        "34ed6532-fcc6-449f-b57a-df5f7c2dbe55": {
            "Answer1": "model_answer",
            "Answer2": "human_answer"
        }
    },
    {
        "ac0d1a87-b4a7-49e0-986e-849f4ba60fbd": {
            "Answer1": "model_answer",
            "Answer2": "human_answer"
        }
    },
    {
        "c53ebde8-bfaa-40e3-a39d-839c34edec4e": {
            "Answer1": "human_answer",
            "Answer2": "model_answer"
        }
    },
    {
        "6fe6e241-bd86-4917-a4f2-e5b9f8103a83": {
            "Answer1": "human_answer",
            "Answer2": "model_answer"
        }
    },
    {
        "7d20130c-5115-4d9f-adb9-203bc21b00bf": {
            "Answer1": "human_answer",
            "Answer2": "model_answer"
        }
    },
    {
        "1a97d112-3606-456e-a482-86ab10b242c8": {
            "Answer1": "human_answer",
            "Answer2": "model_answer"
        }
    },
    {
        "41695108-5ab8-4b09-a859-f356a143e901": {
            "Answer1": "model_answer",
            "Answer2": "human_answer"
        }
    },
    {
        "ba666b0f-51ce-4241-873e-6b5fcb7bc57b": {
            "Answer1": "human_answer",
            "Answer2": "model_answer"
        }
    },
    {
        "57f8f50a-e8aa-4c07-b572-c2a6975fdfa1": {
            "Answer1": "human_answer",
            "Answer2": "model_answer"
        }
    },
    {
        "45d223e8-3e31-490c-a060-8ebad66351ad": {
            "Answer1": "human_answer",
            "Answer2": "model_answer"
        }
    },
    {
        "358bff8e-cb71-499a-9e90-7812771cd210": {
            "Answer1": "model_answer",
            "Answer2": "human_answer"
        }
    },
    {
        "78a032d0-fe3c-4e9b-9126-7f49d6031566": {
            "Answer1": "model_answer",
            "Answer2": "human_answer"
        }
    },
    {
        "2336d0f4-81c5-458c-b9b6-05ba02da6836": {
            "Answer1": "model_answer",
            "Answer2": "human_answer"
        }
    }
]